-- MySQL dump 10.13  Distrib 8.0.21, for Win64 (x86_64)
--
-- Host: us-cdbr-east-05.cleardb.net    Database: heroku_68e91ae782abadb
-- ------------------------------------------------------
-- Server version	5.5.62-log

/*!40101 SET @OLD_CHARACTER_SET_CLIENT=@@CHARACTER_SET_CLIENT */;
/*!40101 SET @OLD_CHARACTER_SET_RESULTS=@@CHARACTER_SET_RESULTS */;
/*!40101 SET @OLD_COLLATION_CONNECTION=@@COLLATION_CONNECTION */;
/*!50503 SET NAMES utf8mb4 */;
/*!40103 SET @OLD_TIME_ZONE=@@TIME_ZONE */;
/*!40103 SET TIME_ZONE='+00:00' */;
/*!40014 SET @OLD_UNIQUE_CHECKS=@@UNIQUE_CHECKS, UNIQUE_CHECKS=0 */;
/*!40014 SET @OLD_FOREIGN_KEY_CHECKS=@@FOREIGN_KEY_CHECKS, FOREIGN_KEY_CHECKS=0 */;
/*!40101 SET @OLD_SQL_MODE=@@SQL_MODE, SQL_MODE='NO_AUTO_VALUE_ON_ZERO' */;
/*!40111 SET @OLD_SQL_NOTES=@@SQL_NOTES, SQL_NOTES=0 */;

--
-- Table structure for table `category`
--

DROP TABLE IF EXISTS `category`;
/*!40101 SET @saved_cs_client     = @@character_set_client */;
/*!50503 SET character_set_client = utf8mb4 */;
CREATE TABLE `category` (
  `id` int(11) NOT NULL AUTO_INCREMENT,
  `code` char(3) NOT NULL,
  `name` varchar(30) NOT NULL,
  `company_id` int(11) NOT NULL,
  `status_id` tinyint(4) DEFAULT '1',
  `created` datetime DEFAULT NULL,
  `created_by` int(11) DEFAULT '0',
  `updated` datetime DEFAULT NULL,
  `updated_by` int(11) DEFAULT '0',
  PRIMARY KEY (`id`),
  KEY `company_id` (`company_id`,`code`)
) ENGINE=InnoDB AUTO_INCREMENT=32 DEFAULT CHARSET=utf8;
/*!40101 SET character_set_client = @saved_cs_client */;

--
-- Dumping data for table `category`
--

LOCK TABLES `category` WRITE;
/*!40000 ALTER TABLE `category` DISABLE KEYS */;
INSERT INTO `category` VALUES (1,'001','Vinos',11,1,'2020-09-01 10:05:33',1,'2020-09-01 10:05:33',0),(11,'002','Cervezas',11,1,'2020-09-01 10:05:42',1,'2020-09-01 10:05:42',0),(21,'003','Aperitivos',11,1,'2020-09-01 10:05:57',1,'2020-09-01 10:05:57',0),(31,'004','Gaseosas',11,1,'2020-09-01 10:06:04',1,'2020-09-01 10:06:04',0);
/*!40000 ALTER TABLE `category` ENABLE KEYS */;
UNLOCK TABLES;

--
-- Table structure for table `company`
--

DROP TABLE IF EXISTS `company`;
/*!40101 SET @saved_cs_client     = @@character_set_client */;
/*!50503 SET character_set_client = utf8mb4 */;
CREATE TABLE `company` (
  `id` int(11) NOT NULL AUTO_INCREMENT,
  `name` varchar(30) NOT NULL,
  `contact` varchar(60) NOT NULL,
  `address` varchar(30) NOT NULL,
  `phone` varchar(15) NOT NULL,
  `email` varchar(60) NOT NULL,
  `status_id` tinyint(4) DEFAULT '1',
  `created` datetime DEFAULT NULL,
  `created_by` int(11) DEFAULT '0',
  `updated` datetime DEFAULT NULL,
  `updated_by` int(11) DEFAULT '0',
  PRIMARY KEY (`id`)
) ENGINE=InnoDB AUTO_INCREMENT=12 DEFAULT CHARSET=utf8;
/*!40101 SET character_set_client = @saved_cs_client */;

--
-- Dumping data for table `company`
--

LOCK TABLES `company` WRITE;
/*!40000 ALTER TABLE `company` DISABLE KEYS */;
INSERT INTO `company` VALUES (1,'SoftDev','Omar Melendrez','Alberdi 2678','291 5754922','omar.melendrez@gmail.com',1,'2020-06-23 23:19:49',1,'2020-09-01 22:24:52',1),(11,'Vinoteca La Cava','Emiliano Mancinelli','Juan Molina 1195','291 4472900','mancinellibalanzas@yahoo.com.ar',1,'2020-06-23 23:20:33',1,'2020-09-01 22:24:30',31);
/*!40000 ALTER TABLE `company` ENABLE KEYS */;
UNLOCK TABLES;

--
-- Table structure for table `inventory`
--

DROP TABLE IF EXISTS `inventory`;
/*!40101 SET @saved_cs_client     = @@character_set_client */;
/*!50503 SET character_set_client = utf8mb4 */;
CREATE TABLE `inventory` (
  `id` int(11) NOT NULL AUTO_INCREMENT,
  `store_id` int(11) NOT NULL,
  `product_id` int(11) NOT NULL,
  `quantity` int(11) DEFAULT '0',
  `company_id` int(11) NOT NULL,
  `created` datetime DEFAULT NULL,
  `created_by` int(11) DEFAULT '0',
  PRIMARY KEY (`id`),
  KEY `company_id` (`company_id`,`store_id`)
) ENGINE=InnoDB AUTO_INCREMENT=221 DEFAULT CHARSET=utf8;
/*!40101 SET character_set_client = @saved_cs_client */;

--
-- Dumping data for table `inventory`
--

LOCK TABLES `inventory` WRITE;
/*!40000 ALTER TABLE `inventory` DISABLE KEYS */;
INSERT INTO `inventory` VALUES (1,1,2331,6,11,'2020-09-07 18:16:42',31),(11,1,2201,12,11,'2020-09-07 18:16:42',31),(21,1,2251,12,11,'2020-09-07 18:16:42',31),(31,1,2161,18,11,'2020-09-07 18:16:42',31),(41,1,2301,6,11,'2020-09-07 18:16:42',31),(51,1,2321,6,11,'2020-09-07 18:16:42',31),(61,1,2311,6,11,'2020-09-07 18:16:42',31),(71,1,2471,24,11,'2020-09-11 13:40:07',31),(81,1,2461,24,11,'2020-09-11 13:40:07',31),(91,1,2481,24,11,'2020-09-11 13:40:07',31),(101,1,2451,48,11,'2020-09-11 13:40:07',31),(111,1,2411,12,11,'2020-09-11 13:40:07',31),(121,1,2391,12,11,'2020-09-11 13:40:07',31),(131,1,2351,6,11,'2020-09-11 13:40:07',31),(141,1,2441,12,11,'2020-09-11 13:40:07',31),(151,1,2431,13,11,'2020-09-11 13:40:07',31),(161,1,2361,13,11,'2020-09-11 13:40:07',31),(171,1,2371,12,11,'2020-09-11 13:40:07',31),(181,1,2381,6,11,'2020-09-11 13:40:07',31),(191,1,2401,6,11,'2020-09-11 13:40:07',31),(201,1,2491,12,11,'2020-09-11 13:40:07',31),(211,1,2341,6,11,'2020-09-11 13:40:07',31);
/*!40000 ALTER TABLE `inventory` ENABLE KEYS */;
UNLOCK TABLES;

--
-- Table structure for table `inventory_variation`
--

DROP TABLE IF EXISTS `inventory_variation`;
/*!40101 SET @saved_cs_client     = @@character_set_client */;
/*!50503 SET character_set_client = utf8mb4 */;
CREATE TABLE `inventory_variation` (
  `id` int(11) NOT NULL AUTO_INCREMENT,
  `store_id` int(11) NOT NULL,
  `product_id` int(11) NOT NULL,
  `quantity` int(11) DEFAULT '0',
  `variation_type` tinyint(4) NOT NULL,
  `variation_reason_id` int(11) NOT NULL,
  `comments` varchar(100) DEFAULT '',
  `company_id` int(11) NOT NULL,
  `created` datetime DEFAULT NULL,
  `created_by` int(11) DEFAULT '0',
  `updated` datetime DEFAULT NULL,
  `updated_by` int(11) DEFAULT '0',
  PRIMARY KEY (`id`),
  KEY `company_id` (`company_id`,`store_id`)
) ENGINE=InnoDB DEFAULT CHARSET=utf8;
/*!40101 SET character_set_client = @saved_cs_client */;

--
-- Dumping data for table `inventory_variation`
--

LOCK TABLES `inventory_variation` WRITE;
/*!40000 ALTER TABLE `inventory_variation` DISABLE KEYS */;
/*!40000 ALTER TABLE `inventory_variation` ENABLE KEYS */;
UNLOCK TABLES;

--
-- Table structure for table `inventory_variation_reason`
--

DROP TABLE IF EXISTS `inventory_variation_reason`;
/*!40101 SET @saved_cs_client     = @@character_set_client */;
/*!50503 SET character_set_client = utf8mb4 */;
CREATE TABLE `inventory_variation_reason` (
  `id` int(11) NOT NULL AUTO_INCREMENT,
  `code` char(2) NOT NULL,
  `name` varchar(30) NOT NULL,
  `company_id` int(11) NOT NULL,
  `status_id` tinyint(4) DEFAULT '1',
  `created` datetime DEFAULT NULL,
  `created_by` int(11) DEFAULT '0',
  `updated` datetime DEFAULT NULL,
  `updated_by` int(11) DEFAULT '0',
  PRIMARY KEY (`id`),
  KEY `company_id` (`company_id`,`code`)
) ENGINE=InnoDB DEFAULT CHARSET=utf8;
/*!40101 SET character_set_client = @saved_cs_client */;

--
-- Dumping data for table `inventory_variation_reason`
--

LOCK TABLES `inventory_variation_reason` WRITE;
/*!40000 ALTER TABLE `inventory_variation_reason` DISABLE KEYS */;
/*!40000 ALTER TABLE `inventory_variation_reason` ENABLE KEYS */;
UNLOCK TABLES;

--
-- Table structure for table `order`
--

DROP TABLE IF EXISTS `order`;
/*!40101 SET @saved_cs_client     = @@character_set_client */;
/*!50503 SET character_set_client = utf8mb4 */;
CREATE TABLE `order` (
  `id` int(11) NOT NULL AUTO_INCREMENT,
  `number` char(5) NOT NULL,
  `date` date NOT NULL,
  `supplier_id` int(11) NOT NULL,
  `amount` decimal(10,2) DEFAULT '0.00',
  `store_id` int(11) NOT NULL,
  `company_id` int(11) NOT NULL,
  `status_id` tinyint(4) DEFAULT '1',
  `created` datetime DEFAULT NULL,
  `created_by` int(11) DEFAULT '0',
  `updated` datetime DEFAULT NULL,
  `updated_by` int(11) DEFAULT '0',
  PRIMARY KEY (`id`),
  KEY `company_id` (`company_id`,`number`)
) ENGINE=InnoDB AUTO_INCREMENT=41 DEFAULT CHARSET=utf8;
/*!40101 SET character_set_client = @saved_cs_client */;

--
-- Dumping data for table `order`
--

LOCK TABLES `order` WRITE;
/*!40000 ALTER TABLE `order` DISABLE KEYS */;
INSERT INTO `order` VALUES (1,'00001','2020-09-07',11,0.00,1,11,3,'2020-09-07 03:14:32',31,'2020-09-07 18:15:25',31),(11,'00002','2020-09-07',11,0.00,1,11,3,'2020-09-07 06:18:37',31,'2020-09-08 13:05:18',31),(21,'00003','2020-09-08',11,0.00,1,11,3,'2020-09-08 01:25:09',31,'2020-09-08 13:29:26',31),(31,'00004','2020-09-11',1,0.00,1,11,3,'2020-09-11 01:08:21',31,'2020-09-11 13:17:22',31);
/*!40000 ALTER TABLE `order` ENABLE KEYS */;
UNLOCK TABLES;

--
-- Table structure for table `order_details`
--

DROP TABLE IF EXISTS `order_details`;
/*!40101 SET @saved_cs_client     = @@character_set_client */;
/*!50503 SET character_set_client = utf8mb4 */;
CREATE TABLE `order_details` (
  `id` int(11) NOT NULL AUTO_INCREMENT,
  `order_id` int(11) NOT NULL,
  `product_id` int(11) NOT NULL,
  `qty_requested` smallint(6) DEFAULT '0',
  `qty_received` smallint(6) DEFAULT '0',
  `price` decimal(10,2) DEFAULT '0.00',
  `status_id` tinyint(4) DEFAULT '1',
  `created` datetime DEFAULT NULL,
  `created_by` int(11) DEFAULT '0',
  `updated` datetime DEFAULT NULL,
  `updated_by` int(11) DEFAULT '0',
  PRIMARY KEY (`id`),
  KEY `order_id` (`order_id`)
) ENGINE=InnoDB AUTO_INCREMENT=431 DEFAULT CHARSET=utf8;
/*!40101 SET character_set_client = @saved_cs_client */;

--
-- Dumping data for table `order_details`
--

LOCK TABLES `order_details` WRITE;
/*!40000 ALTER TABLE `order_details` DISABLE KEYS */;
INSERT INTO `order_details` VALUES (1,1,2331,6,0,0.00,1,'2020-09-07 06:12:34',31,'2020-09-07 06:12:34',0),(11,1,2201,12,0,0.00,1,'2020-09-07 06:12:48',31,'2020-09-07 06:12:48',0),(21,1,2251,12,0,0.00,1,'2020-09-07 06:13:14',31,'2020-09-07 06:13:14',0),(31,1,2161,6,0,0.00,1,'2020-09-07 06:13:35',31,'2020-09-07 06:13:35',0),(41,1,2301,6,0,0.00,1,'2020-09-07 06:13:48',31,'2020-09-07 06:13:48',0),(51,1,2321,6,0,0.00,1,'2020-09-07 06:14:05',31,'2020-09-07 06:14:05',0),(61,1,2311,6,0,0.00,1,'2020-09-07 06:14:28',31,'2020-09-07 06:14:28',0),(81,11,2271,36,36,32.10,1,'2020-09-08 12:59:20',31,'2020-09-08 13:10:34',31),(91,11,2171,18,18,19.20,1,'2020-09-08 12:59:39',31,'2020-09-08 13:11:26',31),(101,11,2231,12,12,33.25,1,'2020-09-08 01:00:06',31,'2020-09-08 13:12:11',31),(111,11,2291,24,24,33.25,1,'2020-09-08 01:00:20',31,'2020-09-08 13:12:46',31),(121,11,2211,12,12,30.60,1,'2020-09-08 01:00:46',31,'2020-09-08 13:13:20',31),(131,11,2261,6,6,30.50,1,'2020-09-08 01:00:59',31,'2020-09-08 13:13:43',31),(141,11,2241,12,12,23.70,1,'2020-09-08 01:01:19',31,'2020-09-08 13:14:12',31),(151,11,2161,12,12,18.35,1,'2020-09-08 01:01:39',31,'2020-09-08 13:14:39',31),(161,11,2191,6,6,24.35,1,'2020-09-08 01:01:59',31,'2020-09-08 13:15:17',31),(171,11,2221,12,12,26.60,1,'2020-09-08 01:02:22',31,'2020-09-08 13:15:46',31),(181,11,2171,6,6,25.60,1,'2020-09-08 01:02:50',31,'2020-09-08 13:16:02',31),(191,21,2331,6,6,56.20,1,'2020-09-08 01:26:01',31,'2020-09-08 13:30:16',31),(201,21,2201,12,12,56.20,1,'2020-09-08 01:26:18',31,'2020-09-08 13:30:40',31),(211,21,2251,12,12,38.35,1,'2020-09-08 01:26:56',31,'2020-09-08 13:31:06',31),(221,21,2211,6,6,30.50,1,'2020-09-08 01:27:38',31,'2020-09-08 13:31:44',31),(231,21,2241,23,12,23.70,1,'2020-09-08 01:28:18',31,'2020-09-08 13:33:58',31),(241,21,2161,6,6,18.35,1,'2020-09-08 01:28:44',31,'2020-09-08 13:34:22',31),(251,21,2301,6,6,24.35,1,'2020-09-08 01:28:59',31,'2020-09-08 13:34:39',31),(261,21,2321,6,6,46.20,1,'2020-09-08 01:29:09',31,'2020-09-08 13:35:03',31),(271,21,2311,6,6,46.20,1,'2020-09-08 01:29:17',31,'2020-09-08 13:35:13',31),(281,31,2471,24,24,47.90,1,'2020-09-11 01:08:45',31,'2020-09-11 13:18:41',31),(291,31,2461,24,24,47.90,1,'2020-09-11 01:09:08',31,'2020-09-11 13:18:49',31),(301,31,2481,24,24,42.20,1,'2020-09-11 01:09:20',31,'2020-09-11 13:19:26',31),(311,31,2451,48,48,47.90,1,'2020-09-11 01:09:32',31,'2020-09-11 13:18:59',31),(321,31,2411,12,12,60.25,1,'2020-09-11 01:09:41',31,'2020-09-11 13:19:43',31),(331,31,2391,12,12,63.15,1,'2020-09-11 01:09:57',31,'2020-09-11 13:20:05',31),(341,31,2351,6,6,60.25,1,'2020-09-11 01:10:07',31,'2020-09-11 13:20:23',31),(351,31,2441,12,12,89.50,1,'2020-09-11 01:10:23',31,'2020-09-11 13:39:38',31),(361,31,2431,13,13,82.60,1,'2020-09-11 01:10:36',31,'2020-09-11 13:39:03',31),(371,31,2361,13,13,65.15,1,'2020-09-11 01:10:51',31,'2020-09-11 13:22:25',31),(381,31,2371,12,12,78.70,1,'2020-09-11 01:11:19',31,'2020-09-11 13:22:49',31),(391,31,2381,6,6,78.70,1,'2020-09-11 01:11:44',31,'2020-09-11 13:21:28',31),(401,31,2401,6,6,78.70,1,'2020-09-11 01:11:57',31,'2020-09-11 13:21:20',31),(411,31,2491,12,12,70.60,1,'2020-09-11 01:14:41',31,'2020-09-11 13:20:56',31),(421,31,2341,6,6,60.25,1,'2020-09-11 01:16:00',31,'2020-09-11 13:20:35',31);
/*!40000 ALTER TABLE `order_details` ENABLE KEYS */;
UNLOCK TABLES;

--
-- Table structure for table `order_tracking`
--

DROP TABLE IF EXISTS `order_tracking`;
/*!40101 SET @saved_cs_client     = @@character_set_client */;
/*!50503 SET character_set_client = utf8mb4 */;
CREATE TABLE `order_tracking` (
  `id` int(11) NOT NULL AUTO_INCREMENT,
  `order_id` int(11) NOT NULL,
  `date` date NOT NULL,
  `status_id` tinyint(4) NOT NULL,
  `created` datetime DEFAULT NULL,
  `created_by` int(11) DEFAULT '0',
  PRIMARY KEY (`id`),
  KEY `order_id` (`order_id`)
) ENGINE=InnoDB AUTO_INCREMENT=81 DEFAULT CHARSET=utf8;
/*!40101 SET character_set_client = @saved_cs_client */;

--
-- Dumping data for table `order_tracking`
--

LOCK TABLES `order_tracking` WRITE;
/*!40000 ALTER TABLE `order_tracking` DISABLE KEYS */;
INSERT INTO `order_tracking` VALUES (1,1,'2020-09-07',2,'2020-09-07 06:15:25',31),(11,1,'2020-09-07',3,'2020-09-07 18:16:42',31),(21,11,'2020-09-08',2,'2020-09-08 01:05:18',31),(31,11,'2020-09-08',3,'2020-09-08 13:20:29',31),(41,21,'2020-09-08',2,'2020-09-08 01:29:26',31),(51,21,'2020-09-08',3,'2020-09-08 13:35:21',31),(61,31,'2020-09-11',2,'2020-09-11 01:17:22',31),(71,31,'2020-09-11',3,'2020-09-11 13:40:07',31);
/*!40000 ALTER TABLE `order_tracking` ENABLE KEYS */;
UNLOCK TABLES;

--
-- Table structure for table `price`
--

DROP TABLE IF EXISTS `price`;
/*!40101 SET @saved_cs_client     = @@character_set_client */;
/*!50503 SET character_set_client = utf8mb4 */;
CREATE TABLE `price` (
  `id` int(11) NOT NULL AUTO_INCREMENT,
  `product_id` int(11) NOT NULL,
  `supplier_id` int(11) NOT NULL,
  `amount` decimal(10,2) DEFAULT '0.00',
  `created` datetime DEFAULT NULL,
  `created_by` int(11) DEFAULT '0',
  `updated` datetime DEFAULT NULL,
  `updated_by` int(11) DEFAULT '0',
  PRIMARY KEY (`id`),
  KEY `product_id` (`product_id`,`supplier_id`)
) ENGINE=InnoDB DEFAULT CHARSET=utf8;
/*!40101 SET character_set_client = @saved_cs_client */;

--
-- Dumping data for table `price`
--

LOCK TABLES `price` WRITE;
/*!40000 ALTER TABLE `price` DISABLE KEYS */;
/*!40000 ALTER TABLE `price` ENABLE KEYS */;
UNLOCK TABLES;

--
-- Table structure for table `product`
--

DROP TABLE IF EXISTS `product`;
/*!40101 SET @saved_cs_client     = @@character_set_client */;
/*!50503 SET character_set_client = utf8mb4 */;
CREATE TABLE `product` (
  `id` int(11) NOT NULL AUTO_INCREMENT,
  `code` char(4) NOT NULL,
  `barcode` char(13) NOT NULL,
  `name` varchar(60) NOT NULL,
  `description` varchar(100) DEFAULT '',
  `quantity` smallint(6) DEFAULT '0',
  `minimum` smallint(6) DEFAULT '0',
  `category_id` int(11) NOT NULL,
  `last_purchase_order` char(5) DEFAULT '',
  `last_purchase_date` date DEFAULT NULL,
  `last_purchase_price` decimal(10,2) DEFAULT '0.00',
  `last_sale_date` date DEFAULT NULL,
  `last_sale_price` decimal(10,2) DEFAULT '0.00',
  `price` decimal(10,2) DEFAULT '0.00',
  `company_id` int(11) NOT NULL,
  `status_id` tinyint(4) DEFAULT '1',
  `created` datetime DEFAULT NULL,
  `created_by` int(11) DEFAULT '0',
  `updated` datetime DEFAULT NULL,
  `updated_by` int(11) DEFAULT '0',
  PRIMARY KEY (`id`),
  UNIQUE KEY `company_id_4` (`company_id`,`name`),
  KEY `company_id` (`company_id`,`code`),
  KEY `company_id_2` (`company_id`,`barcode`),
  KEY `company_id_3` (`company_id`)
) ENGINE=InnoDB AUTO_INCREMENT=2501 DEFAULT CHARSET=utf8;
/*!40101 SET character_set_client = @saved_cs_client */;

--
-- Dumping data for table `product`
--

LOCK TABLES `product` WRITE;
/*!40000 ALTER TABLE `product` DISABLE KEYS */;
INSERT INTO `product` VALUES (1,'0001','','MIRINDA NARAN 0,250Lts','',0,0,31,'',NULL,0.00,NULL,0.00,0.00,11,1,'2020-09-01 10:37:21',1,'2020-09-01 10:37:21',0),(11,'0002','','H2OH CITRUS 0,500Lts','',0,0,31,'',NULL,0.00,NULL,0.00,0.00,11,1,'2020-09-01 10:37:50',1,'2020-09-01 10:37:50',0),(21,'0003','','H2OH CITRUS 2,250Lts','',0,0,31,'',NULL,0.00,NULL,0.00,0.00,11,1,'2020-09-01 10:38:09',1,'2020-09-01 10:38:09',0),(31,'0004','','H2OH LIMONETO 1,500Lts','',0,0,31,'',NULL,0.00,NULL,0.00,0.00,11,1,'2020-09-01 10:38:35',1,'2020-09-01 10:38:35',0),(41,'0005','','HANOVER 1,000Lts ','',0,0,11,'',NULL,0.00,NULL,0.00,0.00,11,1,'2020-09-01 10:38:42',21,'2020-09-01 10:38:42',0),(61,'0007','','H2OH CITRUS 1,500Lts','',0,0,31,'',NULL,0.00,NULL,0.00,0.00,11,1,'2020-09-01 10:38:58',1,'2020-09-01 10:38:58',0),(71,'0008','','BUDWEISER 0,473Lt S/R CMQ','',0,0,11,'',NULL,0.00,NULL,0.00,0.00,11,1,'2020-09-01 10:39:21',31,'2020-09-01 10:39:21',0),(81,'0009','','H2OH NARANCHELO 1,500Lts','',0,0,31,'',NULL,0.00,NULL,0.00,0.00,11,1,'2020-09-01 10:39:22',1,'2020-09-01 10:39:22',0),(91,'0010','','PATAG KUNE 0,473Lts ','',0,0,11,'',NULL,0.00,NULL,0.00,0.00,11,1,'2020-09-01 10:39:29',21,'2020-09-01 10:39:29',0),(101,'0011','','H2OH LIMONETO 0,500Lts','',0,0,31,'',NULL,0.00,NULL,0.00,0.00,11,1,'2020-09-01 10:39:38',1,'2020-09-01 10:39:38',0),(111,'0012','','Q. RED LAGER 1,000Lts ','',0,0,11,'',NULL,0.00,NULL,0.00,0.00,11,1,'2020-09-01 10:39:55',21,'2020-09-01 10:39:55',0),(121,'0013','','H2OH LIMONETO 2,250Lts','',0,0,31,'',NULL,0.00,NULL,0.00,0.00,11,1,'2020-09-01 10:39:56',1,'2020-09-01 10:39:56',0),(131,'0014','','H2OH NARANCHELO 0,500Lts','',0,0,31,'',NULL,0.00,NULL,0.00,0.00,11,1,'2020-09-01 10:40:13',1,'2020-09-01 10:40:13',0),(141,'0015','','BUDWEISER 0,355Lts S/R CMQ','',0,0,11,'',NULL,0.00,NULL,0.00,0.00,11,1,'2020-09-01 10:40:14',31,'2020-09-01 10:40:14',0),(151,'0016','','H2OH NARANCHELO 2,250Lts','',0,0,31,'',NULL,0.00,NULL,0.00,0.00,11,1,'2020-09-01 10:40:29',1,'2020-09-01 10:40:29',0),(161,'0017','','PATAG HOPPY LAGER 0,730Lts ','',0,0,11,'',NULL,0.00,NULL,0.00,0.00,11,1,'2020-09-01 10:40:42',21,'2020-09-01 10:40:42',0),(171,'0018','','AWAFRUT NAR/DUR 1,650Lts','',0,0,31,'',NULL,0.00,NULL,0.00,0.00,11,1,'2020-09-01 10:40:43',1,'2020-09-01 10:40:43',0),(181,'0019','','AWAFRUT POMELO 1,650Lts','',0,0,31,'',NULL,0.00,NULL,0.00,0.00,11,1,'2020-09-01 10:41:00',1,'2020-09-01 10:41:00',0),(191,'0020','','AWAFRUT MANZANA 1,650Lts','',0,0,31,'',NULL,0.00,NULL,0.00,0.00,11,1,'2020-09-01 10:41:19',1,'2020-09-01 10:41:19',0),(201,'0021','','Q. 1890 1,000Lts C/RET ','',0,0,11,'',NULL,0.00,NULL,0.00,0.00,11,1,'2020-09-01 10:41:22',31,'2020-09-01 10:41:22',0),(211,'0022','','AWAFRUT PERA 1,650Lts','',0,0,31,'',NULL,0.00,NULL,0.00,0.00,11,1,'2020-09-01 10:41:32',1,'2020-09-01 10:41:32',0),(221,'0023','','BUDWEISER ALUM 0,473Lts','',0,0,11,'',NULL,0.00,NULL,0.00,0.00,11,1,'2020-09-01 10:41:33',21,'2020-09-01 10:41:33',0),(231,'0024','','AWAFRUT POMELO 2,250Lts','',0,0,31,'',NULL,0.00,NULL,0.00,0.00,11,1,'2020-09-01 10:41:48',1,'2020-09-01 10:41:48',0),(241,'0025','','AWAFRUT NAR/DUR 2,250Lts','',0,0,31,'',NULL,0.00,NULL,0.00,0.00,11,1,'2020-09-01 10:42:03',1,'2020-09-01 10:42:03',0),(251,'0026','','IGUANA SUMMER 0,970Lts OW ','',0,0,11,'',NULL,0.00,NULL,0.00,0.00,11,1,'2020-09-01 10:42:04',31,'2020-09-01 10:42:04',0),(261,'0027','','AWAFRUT POMELO 0,500Lts','',0,0,31,'',NULL,0.00,NULL,0.00,0.00,11,1,'2020-09-01 10:42:15',1,'2020-09-01 10:42:15',0),(271,'0028','','Q. RED LAGER 0,473Lts LATA','',0,0,11,'',NULL,0.00,NULL,0.00,0.00,11,1,'2020-09-01 10:42:19',21,'2020-09-01 10:42:19',0),(281,'0029','','STELLA NOIRE 0,330L LN S/R','',0,0,11,'',NULL,0.00,NULL,0.00,0.00,11,1,'2020-09-01 10:42:31',31,'2020-09-01 10:42:31',0),(291,'0030','','AWAFRUT NAR/DUR 0,500Lts','',0,0,31,'',NULL,0.00,NULL,0.00,0.00,11,1,'2020-09-01 10:42:31',1,'2020-09-01 10:42:31',0),(301,'0031','','STELLA NOIRE 0,975Lt C/RET','',0,0,11,'',NULL,0.00,NULL,0.00,0.00,11,1,'2020-09-01 10:42:56',31,'2020-09-01 10:42:56',0),(311,'0032','','AWAFRUT MANZANA 0,500Lts','',0,0,31,'',NULL,0.00,NULL,0.00,0.00,11,1,'2020-09-01 10:43:02',1,'2020-09-01 10:43:02',0),(321,'0033','','ANDES O.ROJA BARRIL 20Lts ','',0,0,11,'',NULL,0.00,NULL,0.00,0.00,11,1,'2020-09-01 10:43:11',21,'2020-09-01 10:43:11',0),(331,'0034','','GLACIAR S/G 1,500Lts','',0,0,31,'',NULL,0.00,NULL,0.00,0.00,11,1,'2020-09-01 10:43:19',1,'2020-09-01 10:43:19',0),(341,'0035','','Q. CRISTAL 0,340Lts LN S/R','',0,0,11,'',NULL,0.00,NULL,0.00,0.00,11,1,'2020-09-01 10:43:25',31,'2020-09-01 10:43:25',0),(351,'0036','','GLACIAR S/G 2,000Lts','',0,0,31,'',NULL,0.00,NULL,0.00,0.00,11,1,'2020-09-01 10:43:33',1,'2020-09-01 10:43:33',0),(361,'0037','','FRANZISKANER 0,500Lts','',0,0,11,'',NULL,0.00,NULL,0.00,0.00,11,1,'2020-09-01 10:43:38',21,'2020-09-01 10:43:38',0),(371,'0038','','GLACIAR S/G 0,500Lts','',0,0,31,'',NULL,0.00,NULL,0.00,0.00,11,1,'2020-09-01 10:43:46',1,'2020-09-01 10:43:46',0),(381,'0039','','PATAG HOPPY LAGER BARRIL 20L','',0,0,11,'',NULL,0.00,NULL,0.00,0.00,11,1,'2020-09-01 10:44:00',21,'2020-09-01 10:44:00',0),(391,'0040','','GLACIAR PLUS MANZ. 1,250Lts','',0,0,31,'',NULL,0.00,NULL,0.00,0.00,11,1,'2020-09-01 10:44:04',1,'2020-09-01 10:44:04',0),(401,'0041','','GLACIAR PLUS MANZ. 0,500Lts','',0,0,31,'',NULL,0.00,NULL,0.00,0.00,11,1,'2020-09-01 10:44:20',1,'2020-09-01 10:44:20',0),(411,'0042','','PATAG KUNE 0,355Lt S/R','',0,0,11,'',NULL,0.00,NULL,0.00,0.00,11,1,'2020-09-01 10:44:43',21,'2020-09-01 10:44:43',0),(421,'0043','','GLACIAR PLUS LIMON.1,250Lts','',0,0,31,'',NULL,0.00,NULL,0.00,0.00,11,1,'2020-09-01 10:44:58',1,'2020-09-01 10:44:58',0),(431,'0044','','GLACIAR PLUS LIMON. 0,500Lt','',0,0,31,'',NULL,0.00,NULL,0.00,0.00,11,1,'2020-09-01 10:45:14',1,'2020-09-01 10:45:14',0),(441,'0045','','Q. BOCK 0,340Lts LN S/R','',0,0,11,'',NULL,0.00,NULL,0.00,0.00,11,1,'2020-09-01 10:45:20',31,'2020-09-01 10:45:20',0),(451,'0046','','PATAG AMBER L. 20L BARRIL ','',0,0,11,'',NULL,0.00,NULL,0.00,0.00,11,1,'2020-09-01 10:45:21',21,'2020-09-01 10:45:21',0),(461,'0047','','ECO D L AND C/G PREM 0,500L','',0,0,31,'',NULL,0.00,NULL,0.00,0.00,11,1,'2020-09-01 10:45:36',1,'2020-09-01 10:45:36',0),(471,'0048','','Q. STOUT 0,340Lts LN S/R','',0,0,11,'',NULL,0.00,NULL,0.00,0.00,11,1,'2020-09-01 10:45:50',31,'2020-09-01 10:45:50',0),(481,'0049','','PATAG WEISSE 20L BARRIL ','',0,0,11,'',NULL,0.00,NULL,0.00,0.00,11,1,'2020-09-01 10:45:56',21,'2020-09-01 10:45:56',0),(491,'0050','','ECO D L AND. C/G 0,5Lt RET','',0,0,31,'',NULL,0.00,NULL,0.00,0.00,11,1,'2020-09-01 10:46:05',1,'2020-09-01 10:46:05',0),(501,'0051','','ANDES O.IPA RET 1Lt','',0,0,11,'',NULL,0.00,NULL,0.00,0.00,11,1,'2020-09-01 10:46:14',31,'2020-09-01 10:46:14',0),(511,'0052','','PATAG BOHEMIAN 0,473Lt LATA','',0,0,11,'',NULL,0.00,NULL,0.00,0.00,11,1,'2020-09-01 10:46:25',21,'2020-09-01 10:46:25',0),(521,'0053','','ECO D L AND. S/G 0,5Lt RET','',0,0,31,'',NULL,0.00,NULL,0.00,0.00,11,1,'2020-09-01 10:46:41',1,'2020-09-01 10:46:41',0),(531,'0054','','ANDES O.IPA LATA 0,473Lts','',0,0,11,'',NULL,0.00,NULL,0.00,0.00,11,1,'2020-09-01 10:46:53',31,'2020-09-01 10:46:53',0),(541,'0055','','IGUANA 1,000Lts C/RET ','',0,0,11,'',NULL,0.00,NULL,0.00,0.00,11,1,'2020-09-01 10:46:57',21,'2020-09-01 10:46:57',0),(551,'0056','','ECO D L AND S/G PREM 0,500L','',0,0,31,'',NULL,0.00,NULL,0.00,0.00,11,1,'2020-09-01 10:47:00',1,'2020-09-01 10:47:00',0),(561,'0057','','PATAG KUNE 0,710Lts S/R','',0,0,11,'',NULL,0.00,NULL,0.00,0.00,11,1,'2020-09-01 10:47:15',31,'2020-09-01 10:47:15',0),(571,'0058','','ECO D L AND. S/G 1,500Lts','',0,0,31,'',NULL,0.00,NULL,0.00,0.00,11,1,'2020-09-01 10:47:17',1,'2020-09-01 10:47:17',0),(581,'0059','','BECKS 0,275Lts LN S/R','',0,0,11,'',NULL,0.00,NULL,0.00,0.00,11,1,'2020-09-01 10:47:29',21,'2020-09-01 10:47:29',0),(591,'0060','','ECO D L AND. C/G 1,500Lts','',0,0,31,'',NULL,0.00,NULL,0.00,0.00,11,1,'2020-09-01 10:47:33',1,'2020-09-01 10:47:33',0),(601,'0061','','BUDWEISER 1,000Lt C/RET CMQ','',0,0,11,'',NULL,0.00,NULL,0.00,0.00,11,1,'2020-09-01 10:47:38',31,'2020-09-01 10:47:38',0),(611,'0062','','ECO D L AND. S/G 1,000Lts','',0,0,31,'',NULL,0.00,NULL,0.00,0.00,11,1,'2020-09-01 10:47:47',1,'2020-09-01 10:47:47',0),(621,'0063','','ANDES O.RUBIA BARRIL 20L ','',0,0,11,'',NULL,0.00,NULL,0.00,0.00,11,1,'2020-09-01 10:47:57',21,'2020-09-01 10:47:57',0),(631,'0064','','ECO D L AND. S/G 0,500Lts','',0,0,31,'',NULL,0.00,NULL,0.00,0.00,11,1,'2020-09-01 10:48:02',1,'2020-09-01 10:48:02',0),(641,'0065','','BRAHMA 0,354Lts LATA','',0,0,11,'',NULL,0.00,NULL,0.00,0.00,11,1,'2020-09-01 10:48:05',31,'2020-09-01 10:48:05',0),(651,'0066','','PATAG ABRAZO OSO 0,473Lts ','',0,0,11,'',NULL,0.00,NULL,0.00,0.00,11,1,'2020-09-01 10:48:24',21,'2020-09-01 10:48:24',0),(671,'0068','','BRAHMA 0,473Lts LATA ','',0,0,11,'',NULL,0.00,NULL,0.00,0.00,11,1,'2020-09-01 10:48:55',31,'2020-09-01 10:48:55',0),(681,'0069','','ECO D L AND. C/G 0,500Lts','',0,0,31,'',NULL,0.00,NULL,0.00,0.00,11,1,'2020-09-01 10:48:59',1,'2020-09-01 10:48:59',0),(691,'0070','','PATAG ABRAZO OSO BARRIL 20L','',0,0,11,'',NULL,0.00,NULL,0.00,0.00,11,1,'2020-09-01 10:48:59',21,'2020-09-01 10:48:59',0),(701,'0071','','GLACIAR S/G 6,300Lts','',0,0,31,'',NULL,0.00,NULL,0.00,0.00,11,1,'2020-09-01 10:49:18',1,'2020-09-01 10:49:18',0),(711,'0072','','CORONA 0,710Lts ','',0,0,11,'',NULL,0.00,NULL,0.00,0.00,11,1,'2020-09-01 10:49:36',21,'2020-09-01 10:49:36',0),(721,'0073','','NESTLE P VITAL S/G 6,300Lts','',0,0,31,'',NULL,0.00,NULL,0.00,0.00,11,1,'2020-09-01 10:49:43',1,'2020-09-01 10:49:43',0),(731,'0074','','BRAHMA 0,500Lts x12 VD','',0,0,11,'',NULL,0.00,NULL,0.00,0.00,11,1,'2020-09-01 10:49:58',31,'2020-09-01 10:49:58',0),(741,'0075','','NESTLE P VITAL S/G 2,250Lt','',0,0,31,'',NULL,0.00,NULL,0.00,0.00,11,1,'2020-09-01 10:50:00',1,'2020-09-01 10:50:00',0),(751,'0076','','GLACIAR S/G 0,750Lts','',0,0,31,'',NULL,0.00,NULL,0.00,0.00,11,1,'2020-09-01 10:50:15',1,'2020-09-01 10:50:15',0),(761,'0077','','ANDES O.ROJA LATA 0,473Lt','',0,0,11,'',NULL,0.00,NULL,0.00,0.00,11,1,'2020-09-01 10:50:27',31,'2020-09-01 10:50:27',0),(771,'0078','','NESTLE P VITAL S/G 1,500Lt','',0,0,31,'',NULL,0.00,NULL,0.00,0.00,11,1,'2020-09-01 10:50:30',1,'2020-09-01 10:50:30',0),(781,'0079','','NESTLE P VITAL S/G 0,500Lt','',0,0,31,'',NULL,0.00,NULL,0.00,0.00,11,1,'2020-09-01 10:50:48',1,'2020-09-01 10:50:48',0),(791,'0080','','ANDES O.NEGRA LATA 0,473Lt','',0,0,11,'',NULL,0.00,NULL,0.00,0.00,11,1,'2020-09-01 10:50:50',31,'2020-09-01 10:50:50',0),(801,'0081','','PATAG 24.7 0,730Lts S/R','',0,0,11,'',NULL,0.00,NULL,0.00,0.00,11,1,'2020-09-01 10:51:09',31,'2020-09-01 10:51:09',0),(811,'0082','','PATAG AMBER L. 0,730Lts S/R','',0,0,11,'',NULL,0.00,NULL,0.00,0.00,11,1,'2020-09-01 10:52:37',31,'2020-09-01 10:52:37',0),(821,'0083','','PATAG KUNE 0,730Lts S/R','',0,0,11,'',NULL,0.00,NULL,0.00,0.00,11,1,'2020-09-01 10:53:19',31,'2020-09-01 10:53:19',0),(831,'0084','','PATAG WEISSE 0,730Lts S/R','',0,0,11,'',NULL,0.00,NULL,0.00,0.00,11,1,'2020-09-01 10:53:46',31,'2020-09-01 10:53:46',0),(841,'0085','','PATAG BOHEMIAN 0,730Lts S/R','',0,0,11,'',NULL,0.00,NULL,0.00,0.00,11,1,'2020-09-01 10:54:14',31,'2020-09-01 10:54:14',0),(851,'0086','','PATAG AMBER L. 0,473L LATA','',0,0,11,'',NULL,0.00,NULL,0.00,0.00,11,1,'2020-09-01 10:54:54',31,'2020-09-01 10:54:54',0),(861,'0087','','PATAG WEISSE 0,473Lt LATA','',0,0,11,'',NULL,0.00,NULL,0.00,0.00,11,1,'2020-09-01 10:55:50',31,'2020-09-01 10:55:50',0),(871,'0088','','7-UP 0,354Lts LATA','',0,0,31,'',NULL,0.00,NULL,0.00,0.00,11,1,'2020-09-01 10:56:14',31,'2020-09-01 10:56:14',0),(881,'0089','','MIRINDA NARAN 0,354Lt LATA','',0,0,31,'',NULL,0.00,NULL,0.00,0.00,11,1,'2020-09-01 10:56:27',31,'2020-09-01 10:56:27',0),(891,'0090','','PDT TONICA 0,354Lts LATA','',0,0,31,'',NULL,0.00,NULL,0.00,0.00,11,1,'2020-09-01 10:56:39',31,'2020-09-01 10:56:39',0),(901,'0091','','PEPSI 0,354Lts LATA','',0,0,31,'',NULL,0.00,NULL,0.00,0.00,11,1,'2020-09-01 10:56:56',31,'2020-09-01 10:56:56',0),(911,'0092','','MIRINDA NARAN 2,250Lts','',0,0,31,'',NULL,0.00,NULL,0.00,0.00,11,1,'2020-09-01 10:57:11',31,'2020-09-01 10:57:11',0),(921,'0093','','PEPSI 0,500Lts','',0,0,31,'',NULL,0.00,NULL,0.00,0.00,11,1,'2020-09-01 10:57:31',31,'2020-09-01 10:57:31',0),(941,'0095','','7-UP 0,500Lts','',0,0,31,'',NULL,0.00,NULL,0.00,0.00,11,1,'2020-09-01 10:57:57',31,'2020-09-01 10:57:57',0),(951,'0096','','CORONA 0,355Lts ','',0,0,11,'',NULL,0.00,NULL,0.00,0.00,11,1,'2020-09-01 10:58:02',21,'2020-09-01 10:58:02',0),(961,'0097','','MIRINDA NARAN 0,500Lts','',0,0,31,'',NULL,0.00,NULL,0.00,0.00,11,1,'2020-09-01 10:58:08',31,'2020-09-01 10:58:08',0),(971,'0098','','GATORADE F. UVA 0,300Lts','',0,0,31,'',NULL,0.00,NULL,0.00,0.00,11,1,'2020-09-01 10:58:20',1,'2020-09-01 10:58:20',0),(981,'0099','','PEPSI 0,350Lts RETORN','',0,0,31,'',NULL,0.00,NULL,0.00,0.00,11,1,'2020-09-01 10:58:21',31,'2020-09-01 10:58:21',0),(991,'0100','','NEGRA MODELO 0,355Lts ','',0,0,11,'',NULL,0.00,NULL,0.00,0.00,11,1,'2020-09-01 10:58:22',21,'2020-09-01 10:58:22',0),(1001,'0101','','PEPSI LIGHT 0,350Lts RETOR','',0,0,31,'',NULL,0.00,NULL,0.00,0.00,11,1,'2020-09-01 10:58:32',31,'2020-09-01 10:58:32',0),(1011,'0102','','GATORADE F. BERRY 0,300Lts','',0,0,31,'',NULL,0.00,NULL,0.00,0.00,11,1,'2020-09-01 10:58:41',1,'2020-09-01 10:58:41',0),(1021,'0103','','7-UP 0,350Lts RETORN','',0,0,31,'',NULL,0.00,NULL,0.00,0.00,11,1,'2020-09-01 10:58:42',31,'2020-09-01 10:58:42',0),(1031,'0104','','PDT TONICA 0,350Lts RETORN','',0,0,31,'',NULL,0.00,NULL,0.00,0.00,11,1,'2020-09-01 10:58:54',31,'2020-09-01 10:58:54',0),(1041,'0105','','ANDES O.TRIGUEÑA CAN 473','',0,0,11,'',NULL,0.00,NULL,0.00,0.00,11,1,'2020-09-01 10:58:57',21,'2020-09-01 10:58:57',0),(1051,'0106','','GATORADE F. TROP. 0,500Lts','',0,0,31,'',NULL,0.00,NULL,0.00,0.00,11,1,'2020-09-01 10:59:03',1,'2020-09-01 10:59:03',0),(1061,'0107','','MIRINDA NARAN 0,350Lts RET','',0,0,31,'',NULL,0.00,NULL,0.00,0.00,11,1,'2020-09-01 10:59:06',31,'2020-09-01 10:59:06',0),(1071,'0108','','PEPSI 3Lts','',0,0,31,'',NULL,0.00,NULL,0.00,0.00,11,1,'2020-09-01 10:59:16',31,'2020-09-01 10:59:16',0),(1081,'0109','','GATORADE NARANJA 0,500Lts','',0,0,31,'',NULL,0.00,NULL,0.00,0.00,11,1,'2020-09-01 10:59:20',1,'2020-09-01 10:59:20',0),(1091,'0110','','7-UP 3Lts','',0,0,31,'',NULL,0.00,NULL,0.00,0.00,11,1,'2020-09-01 10:59:27',31,'2020-09-01 10:59:27',0),(1101,'0111','','CORONA 0,269Lts ','',0,0,11,'',NULL,0.00,NULL,0.00,0.00,11,1,'2020-09-01 10:59:29',21,'2020-09-01 10:59:29',0),(1111,'0112','','7-UP 2,250Lts','',0,0,31,'',NULL,0.00,NULL,0.00,0.00,11,1,'2020-09-01 10:59:37',31,'2020-09-01 10:59:37',0),(1121,'0113','','GATORADE LIM/LIM 0,500Lts','',0,0,31,'',NULL,0.00,NULL,0.00,0.00,11,1,'2020-09-01 10:59:39',1,'2020-09-01 10:59:39',0),(1131,'0114','','PEPSI 2,250Lts','',0,0,31,'',NULL,0.00,NULL,0.00,0.00,11,1,'2020-09-01 10:59:48',31,'2020-09-01 10:59:48',0),(1141,'0115','','GATORADE MANZANA 0,500Lts','',0,0,31,'',NULL,0.00,NULL,0.00,0.00,11,1,'2020-09-01 10:59:57',1,'2020-09-01 10:59:57',0),(1151,'0116','','PEPSI 1,250Lts RETORN','',0,0,31,'',NULL,0.00,NULL,0.00,0.00,11,1,'2020-09-01 10:59:58',31,'2020-09-01 10:59:58',0),(1161,'0117','','7-UP 1,250Lts RETORN','',0,0,31,'',NULL,0.00,NULL,0.00,0.00,11,1,'2020-09-01 11:00:08',31,'2020-09-01 11:00:08',0),(1171,'0118','','LEFFE RUBIA 0,330Lt LN S/R','',0,0,11,'',NULL,0.00,NULL,0.00,0.00,11,1,'2020-09-01 11:00:10',21,'2020-09-01 11:00:10',0),(1181,'0119','','GATORADE C. BLUE 0,500Lts','',0,0,31,'',NULL,0.00,NULL,0.00,0.00,11,1,'2020-09-01 11:00:17',1,'2020-09-01 11:00:17',0),(1191,'0120','','7-UP FREE 2,250Lts','',0,0,31,'',NULL,0.00,NULL,0.00,0.00,11,1,'2020-09-01 11:00:19',31,'2020-09-01 11:00:19',0),(1201,'0121','','7-UP FREE 0,350Lts RETORN','',0,0,31,'',NULL,0.00,NULL,0.00,0.00,11,1,'2020-09-01 11:00:31',31,'2020-09-01 11:00:31',0),(1211,'0122','','HOEGAARDEN 0,330Lts LN S/R','',0,0,11,'',NULL,0.00,NULL,0.00,0.00,11,1,'2020-09-01 11:00:32',21,'2020-09-01 11:00:32',0),(1221,'0123','','GATORADE F. UVA 0,500Lts','',0,0,31,'',NULL,0.00,NULL,0.00,0.00,11,1,'2020-09-01 11:00:37',1,'2020-09-01 11:00:37',0),(1231,'0124','','7-UP FREE 0,500Lts','',0,0,31,'',NULL,0.00,NULL,0.00,0.00,11,1,'2020-09-01 11:00:42',31,'2020-09-01 11:00:42',0),(1241,'0125','','GATORADE NARANJA 1,250Lts','',0,0,31,'',NULL,0.00,NULL,0.00,0.00,11,1,'2020-09-01 11:00:51',1,'2020-09-01 11:00:51',0),(1251,'0126','','7-UP FREE 0,354Lts LATA','',0,0,31,'',NULL,0.00,NULL,0.00,0.00,11,1,'2020-09-01 11:00:51',31,'2020-09-01 11:00:51',0),(1261,'0127','','LOWENBRAU 0,355Lts ','',0,0,11,'',NULL,0.00,NULL,0.00,0.00,11,1,'2020-09-01 11:00:54',21,'2020-09-01 11:00:54',0),(1271,'0128','','PDT POMELO 2,250Lts','',0,0,31,'',NULL,0.00,NULL,0.00,0.00,11,1,'2020-09-01 11:01:06',31,'2020-09-01 11:01:06',0),(1281,'0129','','GATORADE MANZANA 1,250Lts','',0,0,31,'',NULL,0.00,NULL,0.00,0.00,11,1,'2020-09-01 11:01:09',1,'2020-09-01 11:01:09',0),(1291,'0130','','PDT POMELO 0,500Lts','',0,0,31,'',NULL,0.00,NULL,0.00,0.00,11,1,'2020-09-01 11:01:18',31,'2020-09-01 11:01:18',0),(1301,'0131','','PATAG HOPPY LAGER 0,269Lt ','',0,0,11,'',NULL,0.00,NULL,0.00,0.00,11,1,'2020-09-01 11:01:20',21,'2020-09-01 11:01:20',0),(1311,'0132','','GATORADE F. TROP. 1,250Lts','',0,0,31,'',NULL,0.00,NULL,0.00,0.00,11,1,'2020-09-01 11:01:22',1,'2020-09-01 11:01:22',0),(1321,'0133','','PDT POMELO 0,350Lts RETORN','',0,0,31,'',NULL,0.00,NULL,0.00,0.00,11,1,'2020-09-01 11:01:28',31,'2020-09-01 11:01:28',0),(1331,'0134','','PDT POMELO 0,354Lts LATA','',0,0,31,'',NULL,0.00,NULL,0.00,0.00,11,1,'2020-09-01 11:01:41',31,'2020-09-01 11:01:41',0),(1341,'0135','','GATORADE POMELO 0,500Lts','',0,0,31,'',NULL,0.00,NULL,0.00,0.00,11,1,'2020-09-01 11:01:42',1,'2020-09-01 11:01:42',0),(1351,'0136','','PEPSI BLACK 1,500Lts','',0,0,31,'',NULL,0.00,NULL,0.00,0.00,11,1,'2020-09-01 11:01:53',31,'2020-09-01 11:01:53',0),(1361,'0137','','GATORADE C.BLUE 0,750Lts','',0,0,31,'',NULL,0.00,NULL,0.00,0.00,11,1,'2020-09-01 11:02:00',1,'2020-09-01 11:02:00',0),(1371,'0138','','PEPSI BLACK 0,500Lts','',0,0,31,'',NULL,0.00,NULL,0.00,0.00,11,1,'2020-09-01 11:02:08',31,'2020-09-01 11:02:08',0),(1381,'0139','','PEPSI BLACK 2,250Lts ','',0,0,31,'',NULL,0.00,NULL,0.00,0.00,11,1,'2020-09-01 11:02:19',31,'2020-09-01 11:02:19',0),(1391,'0140','','PEPSI BLACK 0,354Lts LATA','',0,0,31,'',NULL,0.00,NULL,0.00,0.00,11,1,'2020-09-01 11:02:28',31,'2020-09-01 11:02:28',0),(1401,'0141','','Q. CRISTAL 0,354Lts LATA ','',0,0,11,'',NULL,0.00,NULL,0.00,0.00,11,1,'2020-09-01 11:02:40',21,'2020-09-01 11:02:40',0),(1411,'0142','','PEPSI BLACK 0,250Lts ','',0,0,31,'',NULL,0.00,NULL,0.00,0.00,11,1,'2020-09-01 11:02:52',31,'2020-09-01 11:02:52',0),(1421,'0143','','Q. CRISTAL 0,650Lts C/RET ','',0,0,11,'',NULL,0.00,NULL,0.00,0.00,11,1,'2020-09-01 11:03:01',21,'2020-09-01 11:03:01',0),(1431,'0144','','PDT POMELO 1,500Lts','',0,0,31,'',NULL,0.00,NULL,0.00,0.00,11,1,'2020-09-01 11:03:03',31,'2020-09-01 11:03:03',0),(1441,'0145','','GATORADE MANZANA 0,750Lts','',0,0,31,'',NULL,0.00,NULL,0.00,0.00,11,1,'2020-09-01 11:03:15',1,'2020-09-01 11:03:15',0),(1451,'0146','','PDT TONICA 1,500Lts','',0,0,31,'',NULL,0.00,NULL,0.00,0.00,11,1,'2020-09-01 11:03:19',31,'2020-09-01 11:03:19',0),(1461,'0147','','Q. CRISTAL 0,473Lts LATA ','',0,0,11,'',NULL,0.00,NULL,0.00,0.00,11,1,'2020-09-01 11:03:26',21,'2020-09-01 11:03:26',0),(1471,'0148','','MIRINDA NARAN 1,500Lts','',0,0,31,'',NULL,0.00,NULL,0.00,0.00,11,1,'2020-09-01 11:03:30',31,'2020-09-01 11:03:30',0),(1481,'0149','','GATORADE F. TROP. 0,750Lts','',0,0,31,'',NULL,0.00,NULL,0.00,0.00,11,1,'2020-09-01 11:03:31',1,'2020-09-01 11:03:31',0),(1491,'0150','','GATORADE NARANJA 0,750Lts','',0,0,31,'',NULL,0.00,NULL,0.00,0.00,11,1,'2020-09-01 11:03:46',1,'2020-09-01 11:03:46',0),(1501,'0151','','PDT LIGHT POM 1,500Lts','',0,0,31,'',NULL,0.00,NULL,0.00,0.00,11,1,'2020-09-01 11:03:48',31,'2020-09-01 11:03:48',0),(1511,'0152','','GATORADE C. BLUE 1,250Lts','',0,0,31,'',NULL,0.00,NULL,0.00,0.00,11,1,'2020-09-01 11:04:01',1,'2020-09-01 11:04:01',0),(1521,'0153','','PEPSI 1,500Lts','',0,0,31,'',NULL,0.00,NULL,0.00,0.00,11,1,'2020-09-01 11:04:01',31,'2020-09-01 11:04:01',0),(1531,'0154','','7-UP FREE 1,500Lts','',0,0,31,'',NULL,0.00,NULL,0.00,0.00,11,1,'2020-09-01 11:04:11',31,'2020-09-01 11:04:11',0),(1541,'0155','','PATAG BOHEMIAN 20L BARRIL ','',0,0,11,'',NULL,0.00,NULL,0.00,0.00,11,1,'2020-09-01 11:04:16',21,'2020-09-01 11:04:16',0),(1551,'0156','','TROPICANA MANZANA 1Lts','',0,0,31,'',NULL,0.00,NULL,0.00,0.00,11,1,'2020-09-01 11:04:16',1,'2020-09-01 11:04:16',0),(1571,'0158','','TROPICANA NARANJA 1Lts','',0,0,31,'',NULL,0.00,NULL,0.00,0.00,11,1,'2020-09-01 11:04:31',1,'2020-09-01 11:04:31',0),(1591,'0160','','TROPICANA NAR 100% C/P 1Lt','',0,0,31,'',NULL,0.00,NULL,0.00,0.00,11,1,'2020-09-01 11:04:48',1,'2020-09-01 11:04:48',0),(1601,'0161','','7-UP 1,500Lts','',0,0,31,'',NULL,0.00,NULL,0.00,0.00,11,1,'2020-09-01 11:04:48',31,'2020-09-01 11:04:48',0),(1611,'0162','','GUARANA S/AZUC. 1,500Lts','',0,0,31,'',NULL,0.00,NULL,0.00,0.00,11,1,'2020-09-01 11:05:00',31,'2020-09-01 11:05:00',0),(1621,'0163','','RED BULL 0,250Lts LATA','',0,0,31,'',NULL,0.00,NULL,0.00,0.00,11,1,'2020-09-01 11:05:07',1,'2020-09-01 11:05:07',0),(1631,'0164','','GUARANA S/AZUC.LATA 0,354Lt','',0,0,31,'',NULL,0.00,NULL,0.00,0.00,11,1,'2020-09-01 11:05:16',31,'2020-09-01 11:05:16',0),(1651,'0166','','7-UP 2,0Lts RECO','',0,0,31,'',NULL,0.00,NULL,0.00,0.00,11,1,'2020-09-01 11:05:29',31,'2020-09-01 11:05:29',0),(1661,'0167','','PEPSI 2,0Lts RECO','',0,0,31,'',NULL,0.00,NULL,0.00,0.00,11,1,'2020-09-01 11:05:45',31,'2020-09-01 11:05:45',0),(1671,'0168','','RED BULL S.FREE 0,250Lts LATA','',0,0,31,'',NULL,0.00,NULL,0.00,0.00,11,1,'2020-09-01 11:05:50',1,'2020-09-01 11:05:50',0),(1681,'0169','','7-UP 0,250Lts','',0,0,31,'',NULL,0.00,NULL,0.00,0.00,11,1,'2020-09-01 11:06:00',31,'2020-09-01 11:06:00',0),(1691,'0170','','RED BULL 0,355Lts','',0,0,31,'',NULL,0.00,NULL,0.00,0.00,11,1,'2020-09-01 11:06:08',1,'2020-09-01 11:06:08',0),(1701,'0171','','PEPSI 0,250Lts ','',0,0,31,'',NULL,0.00,NULL,0.00,0.00,11,1,'2020-09-01 11:06:12',31,'2020-09-01 11:06:12',0),(1721,'0173','','PDT TONICA 0,250Lts','',0,0,31,'',NULL,0.00,NULL,0.00,0.00,11,1,'2020-09-01 11:06:24',31,'2020-09-01 11:06:24',0),(1731,'0174','','Q. CRISTAL 0,500Lts VD','',0,0,11,'',NULL,0.00,NULL,0.00,0.00,11,1,'2020-09-01 11:06:27',21,'2020-09-01 11:06:27',0),(1741,'0175','','PDT POMELO 0,250Lts','',0,0,31,'',NULL,0.00,NULL,0.00,0.00,11,1,'2020-09-01 11:06:34',31,'2020-09-01 11:06:34',0),(1751,'0176','','NOVECENTO CABERNET 0,750Lts','',0,0,1,'',NULL,0.00,NULL,0.00,0.00,11,1,'2020-09-01 11:06:43',1,'2020-09-01 11:06:43',0),(1761,'0177','','STELLA ARTOIS 20L BARRIL ','',0,0,11,'',NULL,0.00,NULL,0.00,0.00,11,1,'2020-09-01 11:06:53',21,'2020-09-01 11:06:53',0),(1771,'0178','','NOVECENTO EXTRA DULCE 0,750L','',0,0,1,'',NULL,0.00,NULL,0.00,0.00,11,1,'2020-09-01 11:07:04',1,'2020-09-01 11:07:04',0),(1781,'0179','','NOVECENTO EXTRA BRUT 0,750L','',0,0,1,'',NULL,0.00,NULL,0.00,0.00,11,1,'2020-09-01 11:07:19',1,'2020-09-01 11:07:19',0),(1801,'0181','','NOVEC. RAICES MALBEC 0,750L','',0,0,1,'',NULL,0.00,NULL,0.00,0.00,11,1,'2020-09-01 11:07:38',1,'2020-09-01 11:07:38',0),(1821,'0183','','NOVECENTO MALBEC 0,750Lt','',0,0,1,'',NULL,0.00,NULL,0.00,0.00,11,1,'2020-09-01 11:07:54',1,'2020-09-01 11:07:54',0),(1831,'0184','','NOVECENTO CHARDONAY 0,750Lt','',0,0,1,'',NULL,0.00,NULL,0.00,0.00,11,1,'2020-09-01 11:08:14',1,'2020-09-01 11:08:14',0),(1841,'0185','','Q. CRISTAL 50L BARRIL ','',0,0,11,'',NULL,0.00,NULL,0.00,0.00,11,1,'2020-09-01 11:08:26',21,'2020-09-01 11:08:26',0),(1851,'0186','','Q. BOCK 20L BARRIL ','',0,0,11,'',NULL,0.00,NULL,0.00,0.00,11,1,'2020-09-01 11:08:49',21,'2020-09-01 11:08:49',0),(1861,'0187','','CAPRICCIO FIORI 0,750Lts','',0,0,1,'',NULL,0.00,NULL,0.00,0.00,11,1,'2020-09-01 11:08:51',1,'2020-09-01 11:08:51',0),(1871,'0188','','PATAG 24.7 20L BARRIL ','',0,0,11,'',NULL,0.00,NULL,0.00,0.00,11,1,'2020-09-01 11:09:15',21,'2020-09-01 11:09:15',0),(1881,'0189','','BRAHMA LIME 0,269Lts LATA','',0,0,11,'',NULL,0.00,NULL,0.00,0.00,11,1,'2020-09-01 11:09:58',21,'2020-09-01 11:09:58',0),(1891,'0190','','STELLA ARTOIS 0,335L LN SR','',0,0,11,'',NULL,0.00,NULL,0.00,0.00,11,1,'2020-09-01 11:10:32',21,'2020-09-01 11:10:32',0),(1901,'0191','','STELLA ARTOIS 0,975L C/RET','',0,0,11,'',NULL,0.00,NULL,0.00,0.00,11,1,'2020-09-01 11:11:02',21,'2020-09-01 11:11:02',0),(1911,'0192','','Q. 1890 0,473Lts LATA','',0,0,11,'',NULL,0.00,NULL,0.00,0.00,11,1,'2020-09-01 11:11:38',21,'2020-09-01 11:11:38',0),(1921,'0193','','STELLA ARTOIS 0,473Lt LATA ','',0,0,11,'',NULL,0.00,NULL,0.00,0.00,11,1,'2020-09-01 11:12:12',21,'2020-09-01 11:12:12',0),(1931,'0194','','Q. STOUT 0,473Lts LATA ','',0,0,11,'',NULL,0.00,NULL,0.00,0.00,11,1,'2020-09-01 11:13:07',21,'2020-09-01 11:13:07',0),(1941,'0195','','STELLA ARTOIS 0,269Lt LATA ','',0,0,11,'',NULL,0.00,NULL,0.00,0.00,11,1,'2020-09-01 11:14:02',21,'2020-09-01 11:14:02',0),(1951,'0196','','PATAG AMBER L. 0,355Lt S/R','',0,0,11,'',NULL,0.00,NULL,0.00,0.00,11,1,'2020-09-01 11:14:31',21,'2020-09-01 11:14:31',0),(1961,'0197','','PATAG WEISSE 0,355Lt S/R','',0,0,11,'',NULL,0.00,NULL,0.00,0.00,11,1,'2020-09-01 11:14:54',21,'2020-09-01 11:14:54',0),(1971,'0198','','PATAG BOHEMIAN 0,355Lt S/R','',0,0,11,'',NULL,0.00,NULL,0.00,0.00,11,1,'2020-09-01 11:15:13',21,'2020-09-01 11:15:13',0),(1981,'0199','','STELLA NOIRE 0,355Lt LATA','',0,0,11,'',NULL,0.00,NULL,0.00,0.00,11,1,'2020-09-01 11:15:39',21,'2020-09-01 11:15:39',0),(1991,'0200','','BRAHMA 0,269Lts LATA ','',0,0,11,'',NULL,0.00,NULL,0.00,0.00,11,1,'2020-09-01 11:16:06',21,'2020-09-01 11:16:06',0),(2001,'0201','','CORONA 0,210Lts ','',0,0,11,'',NULL,0.00,NULL,0.00,0.00,11,1,'2020-09-01 11:16:30',21,'2020-09-01 11:16:30',0),(2011,'0202','','PATAG 24.7 0,473Lts LATA ','',0,0,11,'',NULL,0.00,NULL,0.00,0.00,11,1,'2020-09-01 11:16:50',21,'2020-09-01 11:16:50',0),(2021,'0203','','ANDES O.NEGRA RET 1Lt.','',0,0,11,'',NULL,0.00,NULL,0.00,0.00,11,1,'2020-09-01 11:17:17',21,'2020-09-01 11:17:17',0),(2031,'0204','','ANDES O.ROJA RET 1Lt.','',0,0,11,'',NULL,0.00,NULL,0.00,0.00,11,1,'2020-09-01 11:17:38',21,'2020-09-01 11:17:38',0),(2041,'0205','','ANDES O.RUBIA RET 1Lt.','',0,0,11,'',NULL,0.00,NULL,0.00,0.00,11,1,'2020-09-01 11:17:59',21,'2020-09-01 11:17:59',0),(2051,'0206','','ANDES O.RUBIA LATA 0,473Lt ','',0,0,11,'',NULL,0.00,NULL,0.00,0.00,11,1,'2020-09-01 11:18:23',21,'2020-09-01 11:18:23',0),(2061,'0207','','BUDWEISER 0,710Lts ','',0,0,11,'',NULL,0.00,NULL,0.00,0.00,11,1,'2020-09-01 11:18:46',21,'2020-09-01 11:18:46',0),(2071,'0208','','Q. BOCK 0,473Lts LATA','',0,0,11,'',NULL,0.00,NULL,0.00,0.00,11,1,'2020-09-01 11:19:15',21,'2020-09-01 11:19:15',0),(2081,'0209','','Q. CRISTAL 1,000Lts C/RET ','',0,0,11,'',NULL,0.00,NULL,0.00,0.00,11,1,'2020-09-01 11:20:51',21,'2020-09-01 11:20:51',0),(2091,'0210','','Q. BAJO CERO 1,000Lt C/RET ','',0,0,11,'',NULL,0.00,NULL,0.00,0.00,11,1,'2020-09-01 11:21:15',21,'2020-09-01 11:21:15',0),(2101,'0211','','Q. STOUT 1,000Lts C/RET ','',0,0,11,'',NULL,0.00,NULL,0.00,0.00,11,1,'2020-09-01 11:21:41',21,'2020-09-01 11:21:41',0),(2111,'0212','','Q. BOCK 1,000Lts C/RET ','',0,0,11,'',NULL,0.00,NULL,0.00,0.00,11,1,'2020-09-01 11:22:06',21,'2020-09-01 11:22:06',0),(2121,'0213','','BRAHMA 1,000Lts C/RET ','',0,0,11,'',NULL,0.00,NULL,0.00,0.00,11,1,'2020-09-01 11:22:30',21,'2020-09-01 11:22:30',0),(2131,'0214','','BUDWEISER 0,473Lts S/R ','',0,0,11,'',NULL,0.00,NULL,0.00,0.00,11,1,'2020-09-01 11:23:05',21,'2020-09-01 11:23:05',0),(2141,'0215','7790240042085','Alma Mora de finca de las moras','',0,0,1,'',NULL,0.00,NULL,0.00,205.00,11,1,'2020-09-01 11:41:32',31,'2020-09-01 11:41:32',0),(2151,'0216','7793253001483','Lata selton','',0,100,31,'',NULL,0.00,NULL,0.00,125.00,11,1,'2020-09-02 12:48:15',31,'2020-09-02 12:48:15',0),(2161,'0217','7790895641596','CEPITA NARANJA 200ml','',18,18,31,'00003','2020-09-08',18.35,NULL,0.00,36.50,11,1,'2020-09-07 03:24:37',31,'2020-09-08 13:35:21',31),(2171,'0218','7790895640841','COCA COLA S/AZ LAT 310ml','',18,0,31,'00002','2020-09-07',19.20,NULL,0.00,25.50,11,1,'2020-09-07 05:42:53',31,'2020-09-08 13:20:29',31),(2191,'0219','7790895641541','CEPITA BOT DURAZNO 300ml','',6,0,31,'00002','2020-09-07',24.35,NULL,0.00,24.30,11,1,'2020-09-07 05:47:30',31,'2020-09-08 13:20:29',31),(2201,'0220','7790895641237','AQ NARANJA 1.5lt','',12,0,31,'00003','2020-09-08',56.20,NULL,0.00,56.15,11,1,'2020-09-07 05:48:43',31,'2020-09-08 13:35:21',31),(2211,'0221','7790895640469','AQ POMELO 500ml','',18,0,31,'00003','2020-09-08',30.50,NULL,0.00,30.50,11,1,'2020-09-07 05:50:23',31,'2020-09-08 13:35:21',31),(2221,'0222','7790895645730','AQ LIMONADA ZERO 310ml','',12,0,31,'00002','2020-09-07',26.60,NULL,0.00,26.50,11,1,'2020-09-07 05:52:32',31,'2020-09-08 13:20:29',31),(2231,'0223','7790895064142','SPRITE SIN AZUCAR 500ml ','',12,0,31,'00002','2020-09-07',33.25,NULL,0.00,33.15,11,1,'2020-09-07 05:53:45',31,'2020-09-08 13:20:29',31),(2241,'0224','7790895003868','BONAQUA 500ml S/G ','',24,0,31,'00003','2020-09-08',23.70,NULL,0.00,23.65,11,1,'2020-09-07 05:55:33',31,'2020-09-08 13:35:21',31),(2251,'0225','7790895003875','BONAQUA 1.5lt S/G ','',12,0,31,'00003','2020-09-08',38.35,NULL,0.00,38.30,11,1,'2020-09-07 05:57:09',31,'2020-09-08 13:35:21',31),(2261,'0226','7790895640445','AQ PERA 500ml ','',6,0,31,'00002','2020-09-07',30.50,NULL,0.00,30.50,11,1,'2020-09-07 05:58:24',31,'2020-09-08 13:20:29',31),(2271,'0227','7790895067532','COCA COLA S/AZ 500ml','',36,0,31,'00002','2020-09-07',32.10,NULL,0.00,32.10,11,1,'2020-09-07 06:00:21',31,'2020-09-08 13:20:29',31),(2281,'0228','7790895642104','COCA COLA S/AZ LATA 220ml','',0,0,31,'',NULL,0.00,NULL,0.00,19.15,11,1,'2020-09-07 06:01:54',31,'2020-09-07 06:01:54',0),(2291,'0229','7790895000829','SPRITE 500ml ','',24,0,31,'00002','2020-09-07',33.25,NULL,0.00,33.25,11,1,'2020-09-07 06:04:38',31,'2020-09-08 13:20:29',31),(2301,'0230','7790895641794','CEPITA BOT NARANJA 300ml','',6,0,31,'00003','2020-09-08',24.35,NULL,0.00,24.30,11,1,'2020-09-07 06:06:16',31,'2020-09-08 13:35:21',31),(2311,'0231','7790895009846','CEPITA HF DURAZNO 1lt','',6,0,31,'00003','2020-09-08',46.20,NULL,0.00,46.15,11,1,'2020-09-07 06:09:26',31,'2020-09-08 13:35:21',31),(2321,'0232','7790895009815','CEPITA HF NARANJA TENTACION 1lt','',6,0,31,'00003','2020-09-08',46.20,NULL,0.00,46.15,11,1,'2020-09-07 06:10:32',31,'2020-09-08 13:35:21',31),(2331,'0233','7790895640483','AQ MANZANA 1.5lt','',6,0,31,'00003','2020-09-08',56.20,NULL,0.00,56.15,11,1,'2020-09-07 06:11:36',31,'2020-09-08 13:35:21',31),(2341,'0234','7792798007400','CERVEZA QUILMES STOUT','',6,0,11,'00004','2020-09-11',60.25,NULL,0.00,60.25,11,1,'2020-09-11 12:34:42',31,'2020-09-11 13:40:07',31),(2351,'0235','7792798007394','QUILMES BOCK 1LT','',6,0,11,'00004','2020-09-11',60.25,NULL,0.00,60.25,11,1,'2020-09-11 12:36:14',31,'2020-09-11 13:40:07',31),(2361,'0236','7793147001056','BUDWEISER 1LT','',13,0,11,'00004','2020-09-11',65.15,NULL,0.00,65.15,11,1,'2020-09-11 12:39:36',31,'2020-09-11 13:40:07',31),(2371,'0237','7792798002115','ANDES IPA 1LT','',12,0,11,'00004','2020-09-11',78.70,NULL,0.00,78.70,11,1,'2020-09-11 12:42:28',31,'2020-09-11 13:40:07',31),(2381,'0238','7792798002139','ANDES NEGRA 1LT','',6,0,11,'00004','2020-09-11',78.70,NULL,0.00,78.70,11,1,'2020-09-11 12:44:38',31,'2020-09-11 13:40:07',31),(2391,'0239','7792798007493','BRAHMA 1LT','',12,0,11,'00004','2020-09-11',63.15,NULL,0.00,63.15,11,1,'2020-09-11 12:45:29',31,'2020-09-11 13:40:07',31),(2401,'0240','7792798002122','ANDES ROJA 1LT','',6,0,11,'00004','2020-09-11',78.70,NULL,0.00,78.70,11,1,'2020-09-11 12:47:12',31,'2020-09-11 13:40:07',31),(2411,'0241','7792798007387','QUILMES 1LT','',12,0,11,'00004','2020-09-11',60.25,NULL,0.00,60.25,11,1,'2020-09-11 12:48:06',31,'2020-09-11 13:40:07',31),(2421,'0242','7792798002757','IPA ANDINA ','',0,0,11,'',NULL,0.00,NULL,0.00,78.70,11,1,'2020-09-11 12:51:28',31,'2020-09-11 12:51:28',0),(2431,'0243','7792798006199','STELLA ARTOIS 1LT','',13,0,11,'00004','2020-09-11',82.60,NULL,0.00,82.60,11,1,'2020-09-11 12:54:44',31,'2020-09-11 13:40:07',31),(2441,'0244','7792798007844','STELLA NOIRE 1LT','',12,0,11,'00004','2020-09-11',89.50,NULL,0.00,89.50,11,1,'2020-09-11 12:55:25',31,'2020-09-11 13:40:07',31),(2451,'0245','7792798002726','ANDES LATA IPA ANDINA 0,474LTS','',48,0,11,'00004','2020-09-11',47.90,NULL,0.00,47.90,11,1,'2020-09-11 01:02:53',31,'2020-09-11 13:40:07',31),(2461,'0246','7792798992317','ANDES LATA IPA ROJA 0,473LTS','',24,0,11,'00004','2020-09-11',47.90,NULL,0.00,47.90,11,1,'2020-09-11 01:03:50',31,'2020-09-11 13:40:07',31),(2471,'0247','792798002320','ANDES LATA IPA NEGRA 0,473LTS','',24,0,11,'00004','2020-09-11',47.90,NULL,0.00,47.90,11,1,'2020-09-11 01:07:07',31,'2020-09-11 13:40:07',31),(2481,'0248','7792798999866','ANDES LATA IPA RUBIA 0,473LTS','',24,0,11,'00004','2020-09-11',42.20,NULL,0.00,42.20,11,1,'2020-09-11 01:08:05',31,'2020-09-11 13:40:07',31),(2491,'0249','7792798002115','ANDES RUBIA 1LT','',12,0,11,'00004','2020-09-11',70.60,NULL,0.00,70.60,11,1,'2020-09-11 01:14:19',31,'2020-09-11 13:40:07',31);
/*!40000 ALTER TABLE `product` ENABLE KEYS */;
UNLOCK TABLES;

--
-- Table structure for table `profile`
--

DROP TABLE IF EXISTS `profile`;
/*!40101 SET @saved_cs_client     = @@character_set_client */;
/*!50503 SET character_set_client = utf8mb4 */;
CREATE TABLE `profile` (
  `id` int(11) NOT NULL AUTO_INCREMENT,
  `code` char(3) NOT NULL,
  `name` varchar(30) NOT NULL,
  `status_id` tinyint(4) DEFAULT '1',
  `created` datetime DEFAULT NULL,
  `created_by` int(11) DEFAULT '0',
  `updated` datetime DEFAULT NULL,
  `updated_by` int(11) DEFAULT '0',
  PRIMARY KEY (`id`)
) ENGINE=InnoDB AUTO_INCREMENT=22 DEFAULT CHARSET=utf8;
/*!40101 SET character_set_client = @saved_cs_client */;

--
-- Dumping data for table `profile`
--

LOCK TABLES `profile` WRITE;
/*!40000 ALTER TABLE `profile` DISABLE KEYS */;
INSERT INTO `profile` VALUES (1,'ADM','Administradores',1,'2020-06-23 23:17:52',1,'2020-06-23 23:17:52',0),(11,'SUP','Supervisores',1,'2020-06-23 23:18:21',1,'2020-06-23 23:18:21',0),(21,'USR','Usuarios',1,'2020-06-23 23:18:38',1,'2020-06-23 23:18:38',0);
/*!40000 ALTER TABLE `profile` ENABLE KEYS */;
UNLOCK TABLES;

--
-- Table structure for table `sale`
--

DROP TABLE IF EXISTS `sale`;
/*!40101 SET @saved_cs_client     = @@character_set_client */;
/*!50503 SET character_set_client = utf8mb4 */;
CREATE TABLE `sale` (
  `id` int(11) NOT NULL AUTO_INCREMENT,
  `number` char(5) NOT NULL,
  `date` date NOT NULL,
  `amount` decimal(10,2) DEFAULT '0.00',
  `store_id` int(11) NOT NULL,
  `company_id` int(11) NOT NULL,
  `status_id` tinyint(4) DEFAULT '1',
  `created` datetime DEFAULT NULL,
  `created_by` int(11) DEFAULT '0',
  `updated` datetime DEFAULT NULL,
  `updated_by` int(11) DEFAULT '0',
  PRIMARY KEY (`id`),
  KEY `company_id` (`company_id`,`number`)
) ENGINE=InnoDB AUTO_INCREMENT=11 DEFAULT CHARSET=utf8;
/*!40101 SET character_set_client = @saved_cs_client */;

--
-- Dumping data for table `sale`
--

LOCK TABLES `sale` WRITE;
/*!40000 ALTER TABLE `sale` DISABLE KEYS */;
/*!40000 ALTER TABLE `sale` ENABLE KEYS */;
UNLOCK TABLES;

--
-- Table structure for table `sale_details`
--

DROP TABLE IF EXISTS `sale_details`;
/*!40101 SET @saved_cs_client     = @@character_set_client */;
/*!50503 SET character_set_client = utf8mb4 */;
CREATE TABLE `sale_details` (
  `id` int(11) NOT NULL AUTO_INCREMENT,
  `sale_id` int(11) NOT NULL,
  `product_id` int(11) NOT NULL,
  `quantity` smallint(6) DEFAULT '0',
  `price` decimal(10,2) DEFAULT '0.00',
  `status_id` tinyint(4) DEFAULT '1',
  `created` datetime DEFAULT NULL,
  `created_by` int(11) DEFAULT '0',
  `updated` datetime DEFAULT NULL,
  `updated_by` int(11) DEFAULT '0',
  PRIMARY KEY (`id`),
  KEY `sale_id` (`sale_id`)
) ENGINE=InnoDB AUTO_INCREMENT=21 DEFAULT CHARSET=utf8;
/*!40101 SET character_set_client = @saved_cs_client */;

--
-- Dumping data for table `sale_details`
--

LOCK TABLES `sale_details` WRITE;
/*!40000 ALTER TABLE `sale_details` DISABLE KEYS */;
/*!40000 ALTER TABLE `sale_details` ENABLE KEYS */;
UNLOCK TABLES;

--
-- Table structure for table `store`
--

DROP TABLE IF EXISTS `store`;
/*!40101 SET @saved_cs_client     = @@character_set_client */;
/*!50503 SET character_set_client = utf8mb4 */;
CREATE TABLE `store` (
  `id` int(11) NOT NULL AUTO_INCREMENT,
  `name` varchar(30) NOT NULL,
  `contact` varchar(30) NOT NULL,
  `address` varchar(30) NOT NULL,
  `phone` varchar(15) NOT NULL,
  `email` varchar(60) NOT NULL,
  `company_id` int(11) NOT NULL,
  `status_id` tinyint(4) DEFAULT '1',
  `created` datetime DEFAULT NULL,
  `created_by` int(11) DEFAULT '0',
  `updated` datetime DEFAULT NULL,
  `updated_by` int(11) DEFAULT '0',
  PRIMARY KEY (`id`),
  KEY `company_id` (`company_id`)
) ENGINE=InnoDB AUTO_INCREMENT=2 DEFAULT CHARSET=utf8;
/*!40101 SET character_set_client = @saved_cs_client */;

--
-- Dumping data for table `store`
--

LOCK TABLES `store` WRITE;
/*!40000 ALTER TABLE `store` DISABLE KEYS */;
INSERT INTO `store` VALUES (1,'Local','Local','Juan Molina 1195','291 4472900','',11,1,'2020-09-01 10:26:10',1,'2020-09-01 10:26:10',0);
/*!40000 ALTER TABLE `store` ENABLE KEYS */;
UNLOCK TABLES;

--
-- Table structure for table `supplier`
--

DROP TABLE IF EXISTS `supplier`;
/*!40101 SET @saved_cs_client     = @@character_set_client */;
/*!50503 SET character_set_client = utf8mb4 */;
CREATE TABLE `supplier` (
  `id` int(11) NOT NULL AUTO_INCREMENT,
  `name` varchar(30) NOT NULL,
  `contact` varchar(60) NOT NULL,
  `address` varchar(60) NOT NULL,
  `phone` varchar(15) NOT NULL,
  `email` varchar(60) NOT NULL,
  `company_id` int(11) NOT NULL,
  `status_id` tinyint(4) DEFAULT '1',
  `created` datetime DEFAULT NULL,
  `created_by` int(11) DEFAULT '0',
  `updated` datetime DEFAULT NULL,
  `updated_by` int(11) DEFAULT '0',
  PRIMARY KEY (`id`),
  KEY `company_id` (`company_id`)
) ENGINE=InnoDB AUTO_INCREMENT=12 DEFAULT CHARSET=utf8;
/*!40101 SET character_set_client = @saved_cs_client */;

--
-- Dumping data for table `supplier`
--

LOCK TABLES `supplier` WRITE;
/*!40000 ALTER TABLE `supplier` DISABLE KEYS */;
INSERT INTO `supplier` VALUES (1,'Puertas del Sur','Marcelo','Ruta 3 km 696, B8000 Bahía Blanca','291 6455125','vivianaquillito@hotmail.com',11,1,'2020-09-01 10:19:51',1,'2020-09-11 13:17:06',31),(11,'Coca Cola','Carlos Lagos','Ruta 229 Km S/n, Grunbein','291 4137296','mancinellibalanzas@yahoo.com.ar',11,1,'2020-09-01 10:20:25',1,'2020-09-07 18:14:46',31);
/*!40000 ALTER TABLE `supplier` ENABLE KEYS */;
UNLOCK TABLES;

--
-- Table structure for table `user`
--

DROP TABLE IF EXISTS `user`;
/*!40101 SET @saved_cs_client     = @@character_set_client */;
/*!50503 SET character_set_client = utf8mb4 */;
CREATE TABLE `user` (
  `id` int(11) NOT NULL AUTO_INCREMENT,
  `name` char(10) NOT NULL,
  `email` varchar(60) NOT NULL,
  `password` varchar(60) NOT NULL,
  `profile_id` int(11) NOT NULL,
  `company_id` int(11) NOT NULL,
  `status_id` tinyint(4) DEFAULT '1',
  `created` datetime DEFAULT NULL,
  `created_by` int(11) DEFAULT '0',
  `updated` datetime DEFAULT NULL,
  `updated_by` int(11) DEFAULT '0',
  PRIMARY KEY (`id`),
  KEY `name` (`name`),
  KEY `company_id` (`company_id`)
) ENGINE=InnoDB AUTO_INCREMENT=32 DEFAULT CHARSET=utf8;
/*!40101 SET character_set_client = @saved_cs_client */;

--
-- Dumping data for table `user`
--

LOCK TABLES `user` WRITE;
/*!40000 ALTER TABLE `user` DISABLE KEYS */;
INSERT INTO `user` VALUES (1,'Omar','omar.melendrez@gmail.com','$2b$10$QEhOifRUy2BMp2F6vOrUy.uWRPI3sweMFsqYMLnMNsmS06owZnioW',1,11,1,'2020-06-23 23:23:08',1,'2020-06-23 23:23:08',0),(11,'Cielo','mcielomelendrez@gmail.com','$2b$10$E6VhKakwAsOQNaHrcZa/ueWphCrK5q.ZpComrfZEcmo8Bj28BagyW',1,1,1,'2020-06-23 23:23:16',1,'2020-06-23 23:23:16',0),(21,'Ema73','emarengo73@gmail.com','$2b$10$pWvdlS0RQ87HsxyMULW3A.0Eb7jZ7jdT40p9ie0sRuXIstEWmPde2',1,11,1,'2020-06-23 23:23:34',1,'2020-06-23 23:23:34',0),(31,'Matias','matiasmancinelli1998@hotmail.com','$2b$10$G17HClYi/pZcX.5H7ihm9ugA6TxIhgNjw.nsqZ./QC9aTa5RKv4C6',1,11,1,'2020-06-23 23:23:53',1,'2020-06-23 23:23:53',0);
/*!40000 ALTER TABLE `user` ENABLE KEYS */;
UNLOCK TABLES;

--
-- Dumping routines for database 'heroku_68e91ae782abadb'
--
/*!40103 SET TIME_ZONE=@OLD_TIME_ZONE */;

/*!40101 SET SQL_MODE=@OLD_SQL_MODE */;
/*!40014 SET FOREIGN_KEY_CHECKS=@OLD_FOREIGN_KEY_CHECKS */;
/*!40014 SET UNIQUE_CHECKS=@OLD_UNIQUE_CHECKS */;
/*!40101 SET CHARACTER_SET_CLIENT=@OLD_CHARACTER_SET_CLIENT */;
/*!40101 SET CHARACTER_SET_RESULTS=@OLD_CHARACTER_SET_RESULTS */;
/*!40101 SET COLLATION_CONNECTION=@OLD_COLLATION_CONNECTION */;
/*!40111 SET SQL_NOTES=@OLD_SQL_NOTES */;

-- Dump completed on 2020-09-20  0:05:46
