-- MySQL dump 10.13  Distrib 8.0.21, for Win64 (x86_64)
--
-- Host: us-cdbr-east-05.cleardb.net    Database: heroku_68e91ae782abadb
-- ------------------------------------------------------
-- Server version	5.5.62-log

/*!40101 SET @OLD_CHARACTER_SET_CLIENT=@@CHARACTER_SET_CLIENT */;
/*!40101 SET @OLD_CHARACTER_SET_RESULTS=@@CHARACTER_SET_RESULTS */;
/*!40101 SET @OLD_COLLATION_CONNECTION=@@COLLATION_CONNECTION */;
/*!50503 SET NAMES utf8mb4 */;
/*!40103 SET @OLD_TIME_ZONE=@@TIME_ZONE */;
/*!40103 SET TIME_ZONE='+00:00' */;
/*!40014 SET @OLD_UNIQUE_CHECKS=@@UNIQUE_CHECKS, UNIQUE_CHECKS=0 */;
/*!40014 SET @OLD_FOREIGN_KEY_CHECKS=@@FOREIGN_KEY_CHECKS, FOREIGN_KEY_CHECKS=0 */;
/*!40101 SET @OLD_SQL_MODE=@@SQL_MODE, SQL_MODE='NO_AUTO_VALUE_ON_ZERO' */;
/*!40111 SET @OLD_SQL_NOTES=@@SQL_NOTES, SQL_NOTES=0 */;

--
-- Table structure for table `category`
--

DROP TABLE IF EXISTS `category`;
/*!40101 SET @saved_cs_client     = @@character_set_client */;
/*!50503 SET character_set_client = utf8mb4 */;
CREATE TABLE `category` (
  `id` int(11) NOT NULL AUTO_INCREMENT,
  `code` char(3) NOT NULL,
  `name` varchar(30) NOT NULL,
  `company_id` int(11) NOT NULL,
  `status_id` tinyint(4) DEFAULT '1',
  `created` datetime DEFAULT NULL,
  `created_by` int(11) DEFAULT '0',
  `updated` datetime DEFAULT NULL,
  `updated_by` int(11) DEFAULT '0',
  PRIMARY KEY (`id`),
  KEY `company_id` (`company_id`,`code`)
) ENGINE=InnoDB AUTO_INCREMENT=51 DEFAULT CHARSET=utf8;
/*!40101 SET character_set_client = @saved_cs_client */;

--
-- Dumping data for table `category`
--

LOCK TABLES `category` WRITE;
/*!40000 ALTER TABLE `category` DISABLE KEYS */;
INSERT INTO `category` VALUES (1,'001','Vinos',11,1,'2020-09-01 10:05:33',1,'2020-09-01 10:05:33',0),(11,'002','Cervezas',11,1,'2020-09-01 10:05:42',1,'2020-09-01 10:05:42',0),(21,'003','Aperitivos',11,1,'2020-09-01 10:05:57',1,'2020-09-01 10:05:57',0),(31,'004','Gaseosas',11,1,'2020-09-01 10:06:04',1,'2020-09-01 10:06:04',0),(41,'005','COMBO REGALERIA',11,1,'2020-10-01 08:06:14',31,'2020-10-01 08:06:14',0);
/*!40000 ALTER TABLE `category` ENABLE KEYS */;
UNLOCK TABLES;

--
-- Table structure for table `company`
--

DROP TABLE IF EXISTS `company`;
/*!40101 SET @saved_cs_client     = @@character_set_client */;
/*!50503 SET character_set_client = utf8mb4 */;
CREATE TABLE `company` (
  `id` int(11) NOT NULL AUTO_INCREMENT,
  `name` varchar(30) NOT NULL,
  `contact` varchar(60) NOT NULL,
  `address` varchar(30) NOT NULL,
  `phone` varchar(15) NOT NULL,
  `email` varchar(60) NOT NULL,
  `status_id` tinyint(4) DEFAULT '1',
  `created` datetime DEFAULT NULL,
  `created_by` int(11) DEFAULT '0',
  `updated` datetime DEFAULT NULL,
  `updated_by` int(11) DEFAULT '0',
  PRIMARY KEY (`id`)
) ENGINE=InnoDB AUTO_INCREMENT=12 DEFAULT CHARSET=utf8;
/*!40101 SET character_set_client = @saved_cs_client */;

--
-- Dumping data for table `company`
--

LOCK TABLES `company` WRITE;
/*!40000 ALTER TABLE `company` DISABLE KEYS */;
INSERT INTO `company` VALUES (1,'SoftDev','Omar Melendrez','Alberdi 2678','291 5754922','omar.melendrez@gmail.com',1,'2020-06-23 23:19:49',1,'2020-09-01 22:24:52',1),(11,'Vinoteca La Cava','Emiliano Mancinelli','Juan Molina 1195','291 4472900','mancinellibalanzas@yahoo.com.ar',1,'2020-06-23 23:20:33',1,'2020-09-01 22:24:30',31);
/*!40000 ALTER TABLE `company` ENABLE KEYS */;
UNLOCK TABLES;

--
-- Table structure for table `graph_data`
--

DROP TABLE IF EXISTS `graph_data`;
/*!40101 SET @saved_cs_client     = @@character_set_client */;
/*!50503 SET character_set_client = utf8mb4 */;
CREATE TABLE `graph_data` (
  `id` int(11) NOT NULL AUTO_INCREMENT,
  `period` char(6) NOT NULL,
  `period_name` char(7) NOT NULL,
  `purchases` decimal(12,2) DEFAULT '0.00',
  `sales` decimal(12,2) DEFAULT '0.00',
  `company_id` int(11) NOT NULL,
  PRIMARY KEY (`id`),
  KEY `company_id` (`company_id`,`period`)
) ENGINE=InnoDB AUTO_INCREMENT=71 DEFAULT CHARSET=utf8;
/*!40101 SET character_set_client = @saved_cs_client */;

--
-- Dumping data for table `graph_data`
--

LOCK TABLES `graph_data` WRITE;
/*!40000 ALTER TABLE `graph_data` DISABLE KEYS */;
INSERT INTO `graph_data` VALUES (61,'202010','10/2020',82528.81,0.00,11);
/*!40000 ALTER TABLE `graph_data` ENABLE KEYS */;
UNLOCK TABLES;

--
-- Table structure for table `inventory`
--

DROP TABLE IF EXISTS `inventory`;
/*!40101 SET @saved_cs_client     = @@character_set_client */;
/*!50503 SET character_set_client = utf8mb4 */;
CREATE TABLE `inventory` (
  `id` int(11) NOT NULL AUTO_INCREMENT,
  `store_id` int(11) NOT NULL,
  `product_id` int(11) NOT NULL,
  `quantity` int(11) DEFAULT '0',
  `company_id` int(11) NOT NULL,
  `created` datetime DEFAULT NULL,
  `created_by` int(11) DEFAULT '0',
  PRIMARY KEY (`id`),
  KEY `company_id` (`company_id`,`store_id`)
) ENGINE=InnoDB AUTO_INCREMENT=1091 DEFAULT CHARSET=utf8;
/*!40101 SET character_set_client = @saved_cs_client */;

--
-- Dumping data for table `inventory`
--

LOCK TABLES `inventory` WRITE;
/*!40000 ALTER TABLE `inventory` DISABLE KEYS */;
INSERT INTO `inventory` VALUES (1,1,711,96,11,'2020-10-02 16:22:21',31),(11,1,591,6,11,'2020-10-02 16:22:21',31),(21,1,601,6,11,'2020-10-02 16:22:21',31),(31,1,611,6,11,'2020-10-02 16:22:21',31),(41,1,621,6,11,'2020-10-02 16:22:21',31),(51,1,651,8,11,'2020-10-02 16:22:21',31),(61,1,631,8,11,'2020-10-02 16:22:21',31),(71,1,641,8,11,'2020-10-02 16:22:21',31),(81,1,491,49,11,'2020-10-02 16:22:21',31),(91,1,501,36,11,'2020-10-02 16:22:21',31),(101,1,701,144,11,'2020-10-02 16:22:21',31),(111,1,671,24,11,'2020-10-02 16:22:21',31),(121,1,681,40,11,'2020-10-02 16:22:21',31),(131,1,691,80,11,'2020-10-02 16:22:21',31),(151,1,171,9,11,'2020-10-06 23:19:11',31),(161,1,181,9,11,'2020-10-06 23:19:11',31),(171,1,191,6,11,'2020-10-06 23:19:11',31),(181,1,201,6,11,'2020-10-06 23:19:11',31),(191,1,211,6,11,'2020-10-06 23:19:11',31),(201,1,221,6,11,'2020-10-06 23:19:11',31),(211,1,231,6,11,'2020-10-06 23:19:11',31),(221,1,721,6,11,'2020-10-06 23:19:11',31),(231,1,241,6,11,'2020-10-06 23:19:11',31),(241,1,251,6,11,'2020-10-06 23:19:11',31),(251,1,261,6,11,'2020-10-06 23:19:11',31),(261,1,281,24,11,'2020-10-06 23:19:11',31),(271,1,291,8,11,'2020-10-06 23:19:11',31),(281,1,301,6,11,'2020-10-06 23:19:11',31),(291,1,311,6,11,'2020-10-06 23:19:11',31),(301,1,321,6,11,'2020-10-06 23:19:11',31),(461,1,11,6,11,'2020-10-06 23:34:37',31),(471,1,1,12,11,'2020-10-06 23:34:37',31),(481,1,21,12,11,'2020-10-06 23:34:37',31),(491,1,71,18,11,'2020-10-06 23:34:37',31),(501,1,81,24,11,'2020-10-06 23:34:37',31),(511,1,41,6,11,'2020-10-06 23:34:37',31),(521,1,31,18,11,'2020-10-06 23:34:37',31),(531,1,51,6,11,'2020-10-06 23:34:37',31),(541,1,61,6,11,'2020-10-06 23:34:37',31),(611,1,91,36,11,'2020-10-13 16:41:31',31),(621,1,101,12,11,'2020-10-13 16:41:31',31),(631,1,111,24,11,'2020-10-13 16:41:31',31),(641,1,121,6,11,'2020-10-13 16:41:31',31),(651,1,131,6,11,'2020-10-13 16:41:31',31),(661,1,141,18,11,'2020-10-13 16:41:31',31),(671,1,151,12,11,'2020-10-13 16:41:31',31),(681,1,161,6,11,'2020-10-13 16:41:31',31),(761,1,531,6,11,'2020-10-13 17:02:34',31),(771,1,571,6,11,'2020-10-13 17:02:34',31),(781,1,541,12,11,'2020-10-13 17:02:34',31),(791,1,581,12,11,'2020-10-13 17:02:34',31),(801,1,551,6,11,'2020-10-13 17:02:34',31),(811,1,521,6,11,'2020-10-13 17:02:34',31),(821,1,511,12,11,'2020-10-13 17:02:34',31),(831,1,561,13,11,'2020-10-13 17:02:34',31),(841,1,481,13,11,'2020-10-13 17:02:34',31),(851,1,461,24,11,'2020-10-13 17:02:34',31),(861,1,471,24,11,'2020-10-13 17:02:34',31),(871,1,451,24,11,'2020-10-13 17:02:34',31),(881,1,441,48,11,'2020-10-13 17:02:34',31),(911,1,411,120,11,'2020-10-13 17:57:56',31),(921,1,421,120,11,'2020-10-13 17:57:56',31),(931,1,331,2,11,'2020-10-13 17:57:56',31),(941,1,341,12,11,'2020-10-13 17:57:56',31),(951,1,351,6,11,'2020-10-13 17:57:56',31),(961,1,361,6,11,'2020-10-13 17:57:56',31),(971,1,371,6,11,'2020-10-13 17:57:56',31),(981,1,381,6,11,'2020-10-13 17:57:56',31),(991,1,391,6,11,'2020-10-13 17:57:56',31),(1001,1,401,12,11,'2020-10-13 17:57:56',31),(1011,1,731,12,11,'2020-10-13 17:57:56',31),(1021,1,431,6,11,'2020-10-13 17:57:56',31),(1061,1,741,30,11,'2020-10-13 18:17:53',31),(1071,1,761,48,11,'2020-10-13 18:17:53',31),(1081,1,751,48,11,'2020-10-13 18:17:53',31);
/*!40000 ALTER TABLE `inventory` ENABLE KEYS */;
UNLOCK TABLES;

--
-- Table structure for table `inventory_variation`
--

DROP TABLE IF EXISTS `inventory_variation`;
/*!40101 SET @saved_cs_client     = @@character_set_client */;
/*!50503 SET character_set_client = utf8mb4 */;
CREATE TABLE `inventory_variation` (
  `id` int(11) NOT NULL AUTO_INCREMENT,
  `store_id` int(11) NOT NULL,
  `product_id` int(11) NOT NULL,
  `quantity` int(11) DEFAULT '0',
  `variation_type` tinyint(4) NOT NULL,
  `variation_reason_id` int(11) NOT NULL,
  `comments` varchar(100) DEFAULT '',
  `company_id` int(11) NOT NULL,
  `created` datetime DEFAULT NULL,
  `created_by` int(11) DEFAULT '0',
  `updated` datetime DEFAULT NULL,
  `updated_by` int(11) DEFAULT '0',
  PRIMARY KEY (`id`),
  KEY `company_id` (`company_id`,`store_id`)
) ENGINE=InnoDB DEFAULT CHARSET=utf8;
/*!40101 SET character_set_client = @saved_cs_client */;

--
-- Dumping data for table `inventory_variation`
--

LOCK TABLES `inventory_variation` WRITE;
/*!40000 ALTER TABLE `inventory_variation` DISABLE KEYS */;
/*!40000 ALTER TABLE `inventory_variation` ENABLE KEYS */;
UNLOCK TABLES;

--
-- Table structure for table `inventory_variation_reason`
--

DROP TABLE IF EXISTS `inventory_variation_reason`;
/*!40101 SET @saved_cs_client     = @@character_set_client */;
/*!50503 SET character_set_client = utf8mb4 */;
CREATE TABLE `inventory_variation_reason` (
  `id` int(11) NOT NULL AUTO_INCREMENT,
  `code` char(2) NOT NULL,
  `name` varchar(30) NOT NULL,
  `company_id` int(11) NOT NULL,
  `status_id` tinyint(4) DEFAULT '1',
  `created` datetime DEFAULT NULL,
  `created_by` int(11) DEFAULT '0',
  `updated` datetime DEFAULT NULL,
  `updated_by` int(11) DEFAULT '0',
  PRIMARY KEY (`id`),
  KEY `company_id` (`company_id`,`code`)
) ENGINE=InnoDB DEFAULT CHARSET=utf8;
/*!40101 SET character_set_client = @saved_cs_client */;

--
-- Dumping data for table `inventory_variation_reason`
--

LOCK TABLES `inventory_variation_reason` WRITE;
/*!40000 ALTER TABLE `inventory_variation_reason` DISABLE KEYS */;
/*!40000 ALTER TABLE `inventory_variation_reason` ENABLE KEYS */;
UNLOCK TABLES;

--
-- Table structure for table `order`
--

DROP TABLE IF EXISTS `order`;
/*!40101 SET @saved_cs_client     = @@character_set_client */;
/*!50503 SET character_set_client = utf8mb4 */;
CREATE TABLE `order` (
  `id` int(11) NOT NULL AUTO_INCREMENT,
  `number` char(5) NOT NULL,
  `date` date NOT NULL,
  `supplier_id` int(11) NOT NULL,
  `amount` decimal(10,2) DEFAULT '0.00',
  `store_id` int(11) NOT NULL,
  `company_id` int(11) NOT NULL,
  `status_id` tinyint(4) DEFAULT '1',
  `created` datetime DEFAULT NULL,
  `created_by` int(11) DEFAULT '0',
  `updated` datetime DEFAULT NULL,
  `updated_by` int(11) DEFAULT '0',
  PRIMARY KEY (`id`),
  KEY `company_id` (`company_id`,`number`)
) ENGINE=InnoDB AUTO_INCREMENT=131 DEFAULT CHARSET=utf8;
/*!40101 SET character_set_client = @saved_cs_client */;

--
-- Dumping data for table `order`
--

LOCK TABLES `order` WRITE;
/*!40000 ALTER TABLE `order` DISABLE KEYS */;
INSERT INTO `order` VALUES (1,'00001','2020-10-02',1,0.00,1,11,3,'2020-10-02 04:06:55',31,'2020-10-02 16:13:44',31),(21,'00002','2020-10-02',11,0.00,1,11,3,'2020-10-02 04:24:37',31,'2020-10-06 23:02:27',31),(41,'00003','2020-10-06',11,0.00,1,11,3,'2020-10-06 11:29:19',31,'2020-10-06 23:31:00',31),(71,'00004','2020-10-13',11,0.00,1,11,3,'2020-10-13 01:03:29',31,'2020-10-13 13:14:49',31),(81,'00005','2020-10-13',1,0.00,1,11,3,'2020-10-13 04:45:54',31,'2020-10-13 16:52:35',31),(91,'00006','2020-10-13',1,0.00,1,11,3,'2020-10-13 04:48:28',31,'2020-10-13 17:22:30',31),(101,'00007','2020-10-13',1,0.00,1,11,3,'2020-10-13 06:01:45',31,'2020-10-13 18:15:12',31),(111,'00008','2020-10-13',11,0.00,1,11,1,'2020-10-13 06:21:54',31,'2020-10-13 06:21:54',0),(121,'00009','2020-10-13',11,0.00,1,11,2,'2020-10-13 07:56:16',31,'2020-10-13 20:06:26',31);
/*!40000 ALTER TABLE `order` ENABLE KEYS */;
UNLOCK TABLES;

--
-- Table structure for table `order_details`
--

DROP TABLE IF EXISTS `order_details`;
/*!40101 SET @saved_cs_client     = @@character_set_client */;
/*!50503 SET character_set_client = utf8mb4 */;
CREATE TABLE `order_details` (
  `id` int(11) NOT NULL AUTO_INCREMENT,
  `order_id` int(11) NOT NULL,
  `product_id` int(11) NOT NULL,
  `qty_requested` smallint(6) DEFAULT '0',
  `qty_received` smallint(6) DEFAULT '0',
  `price` decimal(10,2) DEFAULT '0.00',
  `status_id` tinyint(4) DEFAULT '1',
  `created` datetime DEFAULT NULL,
  `created_by` int(11) DEFAULT '0',
  `updated` datetime DEFAULT NULL,
  `updated_by` int(11) DEFAULT '0',
  PRIMARY KEY (`id`),
  KEY `order_id` (`order_id`)
) ENGINE=InnoDB AUTO_INCREMENT=1181 DEFAULT CHARSET=utf8;
/*!40101 SET character_set_client = @saved_cs_client */;

--
-- Dumping data for table `order_details`
--

LOCK TABLES `order_details` WRITE;
/*!40000 ALTER TABLE `order_details` DISABLE KEYS */;
INSERT INTO `order_details` VALUES (1,1,711,96,96,38.00,1,'2020-10-02 04:07:14',31,'2020-10-02 16:14:41',31),(11,1,591,6,6,74.80,1,'2020-10-02 04:07:45',31,'2020-10-02 16:15:26',31),(21,1,601,6,6,74.80,1,'2020-10-02 04:07:57',31,'2020-10-02 16:15:43',31),(31,1,611,6,6,74.80,1,'2020-10-02 04:08:12',31,'2020-10-02 16:15:54',31),(41,1,621,6,6,77.00,1,'2020-10-02 04:08:18',31,'2020-10-02 16:16:14',31),(51,1,651,8,8,84.85,1,'2020-10-02 04:08:26',31,'2020-10-02 16:16:34',31),(61,1,631,8,8,86.85,1,'2020-10-02 04:08:33',31,'2020-10-02 16:16:52',31),(71,1,641,8,8,84.85,1,'2020-10-02 04:08:51',31,'2020-10-02 16:17:06',31),(81,1,491,24,24,73.00,1,'2020-10-02 04:09:06',31,'2020-10-02 16:17:38',31),(91,1,501,24,24,75.00,1,'2020-10-02 04:11:24',31,'2020-10-02 16:17:46',31),(101,1,701,24,24,40.50,1,'2020-10-02 04:11:40',31,'2020-10-02 16:18:08',31),(111,1,671,24,24,80.65,1,'2020-10-02 04:11:55',31,'2020-10-02 16:18:31',31),(121,1,681,40,40,48.25,1,'2020-10-02 04:12:46',31,'2020-10-02 16:18:58',31),(131,1,691,80,80,48.50,1,'2020-10-02 04:13:18',31,'2020-10-02 16:19:32',31),(141,21,171,9,9,79.00,1,'2020-10-02 04:25:00',31,'2020-10-06 23:13:49',31),(151,21,181,9,9,79.00,1,'2020-10-02 04:25:11',31,'2020-10-06 23:13:52',31),(161,21,191,6,6,82.50,1,'2020-10-02 04:25:49',31,'2020-10-06 23:14:09',31),(171,21,201,6,6,75.00,1,'2020-10-02 04:26:14',31,'2020-10-06 23:14:46',31),(181,21,211,6,6,75.00,1,'2020-10-02 04:26:29',31,'2020-10-06 23:14:48',31),(191,21,221,6,6,75.00,1,'2020-10-02 04:26:52',31,'2020-10-06 23:14:59',31),(201,21,231,6,6,109.00,1,'2020-10-02 04:27:06',31,'2020-10-06 23:15:27',31),(211,21,721,6,6,113.50,1,'2020-10-02 04:30:16',31,'2020-10-06 23:15:58',31),(221,21,241,6,6,106.00,1,'2020-10-06 11:00:47',31,'2020-10-06 23:16:21',31),(231,21,251,6,6,48.00,1,'2020-10-06 11:00:58',31,'2020-10-06 23:16:39',31),(241,21,261,6,6,116.00,1,'2020-10-06 11:01:22',31,'2020-10-06 23:16:51',31),(251,21,281,24,24,46.00,1,'2020-10-06 11:01:32',31,'2020-10-06 23:17:10',31),(261,21,291,8,8,54.30,1,'2020-10-06 11:01:45',31,'2020-10-06 23:17:48',31),(271,21,301,6,6,48.00,1,'2020-10-06 11:01:59',31,'2020-10-06 23:18:06',31),(281,21,311,6,6,48.00,1,'2020-10-06 11:02:08',31,'2020-10-06 23:18:09',31),(291,21,321,6,6,76.80,1,'2020-10-06 11:02:19',31,'2020-10-06 23:18:43',31),(391,41,11,6,6,56.00,1,'2020-10-06 11:29:35',31,'2020-10-06 23:31:25',31),(401,41,1,12,12,56.00,1,'2020-10-06 11:29:41',31,'2020-10-06 23:31:29',31),(411,41,21,12,12,38.30,1,'2020-10-06 11:29:53',31,'2020-10-06 23:31:58',31),(421,41,71,6,6,30.50,1,'2020-10-06 11:30:04',31,'2020-10-06 23:32:17',31),(431,41,81,12,12,23.60,1,'2020-10-06 11:30:22',31,'2020-10-06 23:33:22',31),(441,41,41,6,6,24.20,1,'2020-10-06 11:30:28',31,'2020-10-06 23:33:38',31),(451,41,31,6,6,18.30,1,'2020-10-06 11:30:40',31,'2020-10-06 23:33:59',31),(461,41,51,6,6,46.15,1,'2020-10-06 11:30:49',31,'2020-10-06 23:34:14',31),(471,41,61,6,6,46.15,1,'2020-10-06 11:30:55',31,'2020-10-06 23:34:20',31),(481,71,91,36,36,32.10,1,'2020-10-13 01:05:56',31,'2020-10-13 13:15:22',31),(491,71,101,12,12,33.25,1,'2020-10-13 01:06:14',31,'2020-10-13 13:15:44',31),(501,71,111,24,24,33.25,1,'2020-10-13 01:11:12',31,'2020-10-13 13:16:53',31),(511,71,71,12,12,30.50,1,'2020-10-13 01:11:33',31,'2020-10-13 16:35:28',31),(521,71,121,6,6,23.60,1,'2020-10-13 01:11:58',31,'2020-10-13 16:35:52',31),(531,71,81,12,12,23.65,1,'2020-10-13 01:12:14',31,'2020-10-13 16:39:08',31),(541,71,31,12,12,18.30,1,'2020-10-13 01:12:27',31,'2020-10-13 16:39:50',31),(551,71,131,6,6,24.30,1,'2020-10-13 01:12:40',31,'2020-10-13 16:40:31',31),(561,71,141,18,18,19.20,1,'2020-10-13 01:12:56',31,'2020-10-13 16:40:47',31),(571,71,151,12,12,26.60,1,'2020-10-13 01:13:11',31,'2020-10-13 16:41:03',31),(581,71,161,6,6,25.60,1,'2020-10-13 01:13:32',31,'2020-10-13 16:41:18',31),(591,81,531,6,6,72.90,1,'2020-10-13 04:49:01',31,'2020-10-13 16:53:05',31),(601,81,571,6,6,72.90,1,'2020-10-13 04:49:09',31,'2020-10-13 16:54:14',31),(611,81,541,12,12,108.25,1,'2020-10-13 04:49:21',31,'2020-10-13 16:54:34',31),(621,81,581,12,12,85.40,1,'2020-10-13 04:49:39',31,'2020-10-13 16:54:49',31),(631,81,551,6,6,95.15,1,'2020-10-13 04:49:53',31,'2020-10-13 16:55:23',31),(641,81,521,6,6,95.15,1,'2020-10-13 04:50:10',31,'2020-10-13 16:55:31',31),(651,81,511,12,12,95.15,1,'2020-10-13 04:50:28',31,'2020-10-13 16:55:46',31),(661,81,501,12,12,76.40,1,'2020-10-13 04:50:42',31,'2020-10-13 16:56:07',31),(671,81,491,12,12,72.90,1,'2020-10-13 04:50:54',31,'2020-10-13 16:58:42',31),(681,81,561,13,13,100.00,1,'2020-10-13 04:51:26',31,'2020-10-13 16:59:15',31),(691,81,481,13,13,78.80,1,'2020-10-13 04:51:35',31,'2020-10-13 16:59:43',31),(701,81,461,24,24,58.00,1,'2020-10-13 04:51:47',31,'2020-10-13 17:01:13',31),(711,81,471,24,24,51.00,1,'2020-10-13 04:52:03',31,'2020-10-13 17:01:50',31),(721,81,451,24,24,58.00,1,'2020-10-13 04:52:11',31,'2020-10-13 17:01:25',31),(731,81,441,48,48,58.00,1,'2020-10-13 04:52:22',31,'2020-10-13 17:01:31',31),(741,91,701,120,120,32.45,1,'2020-10-13 05:07:37',31,'2020-10-13 17:50:54',31),(751,91,411,120,120,39.15,1,'2020-10-13 05:11:54',31,'2020-10-13 17:52:15',31),(761,91,421,120,120,36.50,1,'2020-10-13 05:12:46',31,'2020-10-13 17:52:37',31),(771,91,331,2,2,530.00,1,'2020-10-13 05:13:06',31,'2020-10-13 17:53:10',31),(781,91,341,12,12,120.25,1,'2020-10-13 05:14:02',31,'2020-10-13 17:53:42',31),(791,91,351,6,6,171.40,1,'2020-10-13 05:14:43',31,'2020-10-13 17:54:18',31),(801,91,361,6,6,171.40,1,'2020-10-13 05:14:59',31,'2020-10-13 17:54:28',31),(811,91,371,6,6,128.65,1,'2020-10-13 05:15:21',31,'2020-10-13 17:54:53',31),(821,91,381,6,6,128.65,1,'2020-10-13 05:15:34',31,'2020-10-13 17:55:00',31),(831,91,391,6,6,144.20,1,'2020-10-13 05:15:45',31,'2020-10-13 17:55:18',31),(841,91,401,12,12,75.92,1,'2020-10-13 05:15:58',31,'2020-10-13 17:55:52',31),(851,91,731,12,12,64.30,1,'2020-10-13 05:21:07',31,'2020-10-13 17:56:27',31),(861,91,431,6,6,179.25,1,'2020-10-13 05:21:31',31,'2020-10-13 17:57:32',31),(871,101,741,30,30,49.35,1,'2020-10-13 06:11:26',31,'2020-10-13 18:16:07',31),(881,101,491,13,13,67.29,1,'2020-10-13 06:12:55',31,'2020-10-13 18:16:28',31),(891,101,761,48,48,52.80,1,'2020-10-13 06:14:33',31,'2020-10-13 18:17:07',31),(901,101,751,48,48,60.50,1,'2020-10-13 06:15:07',31,'2020-10-13 18:17:46',31),(911,121,771,24,24,92.54,1,'2020-10-13 07:57:38',31,'2020-10-13 20:07:02',31),(921,121,781,24,24,84.15,1,'2020-10-13 07:58:12',31,'2020-10-13 20:07:16',31),(931,121,801,24,24,41.75,1,'2020-10-13 07:59:04',31,'2020-10-13 20:07:42',31),(941,121,811,24,24,56.10,1,'2020-10-13 07:59:31',31,'2020-10-13 20:09:08',31),(951,121,821,24,24,56.10,1,'2020-10-13 07:59:51',31,'2020-10-13 20:09:20',31),(961,121,831,24,24,63.15,1,'2020-10-13 08:00:01',31,'2020-10-13 20:09:41',31),(971,121,841,12,12,62.15,1,'2020-10-13 08:00:26',31,'2020-10-13 20:10:07',31),(981,121,851,24,24,106.00,1,'2020-10-13 08:00:51',31,'2020-10-13 20:10:29',31),(991,121,861,24,24,73.60,1,'2020-10-13 08:01:15',31,'2020-10-13 20:10:53',31),(1001,121,871,12,12,98.15,1,'2020-10-13 08:01:32',31,'2020-10-13 20:11:23',31),(1011,121,881,12,12,106.25,1,'2020-10-13 08:01:42',31,'2020-10-13 20:11:42',31),(1021,121,891,12,12,101.60,1,'2020-10-13 08:01:50',31,'2020-10-13 20:12:09',31),(1031,121,901,12,12,87.60,1,'2020-10-13 08:02:03',31,'2020-10-13 20:12:37',31),(1041,121,911,12,12,101.60,1,'2020-10-13 08:02:14',31,'2020-10-13 20:12:58',31),(1051,121,921,6,6,85.60,1,'2020-10-13 08:02:37',31,'2020-10-13 20:13:57',31),(1061,121,951,6,6,85.60,1,'2020-10-13 08:02:53',31,'2020-10-13 20:14:19',31),(1071,121,931,6,6,85.60,1,'2020-10-13 08:03:16',31,'2020-10-13 20:14:03',31),(1081,121,941,6,6,85.60,1,'2020-10-13 08:03:54',31,'2020-10-13 20:14:13',31),(1091,121,961,6,6,85.60,1,'2020-10-13 08:04:07',31,'2020-10-13 20:14:31',31),(1101,121,971,6,0,0.00,1,'2020-10-13 08:04:21',31,'2020-10-13 08:04:21',0),(1111,121,981,6,0,0.00,1,'2020-10-13 08:04:52',31,'2020-10-13 08:04:52',0),(1121,121,991,6,0,0.00,1,'2020-10-13 08:05:01',31,'2020-10-13 08:05:01',0),(1131,121,1001,6,0,0.00,1,'2020-10-13 08:05:11',31,'2020-10-13 08:05:11',0),(1141,121,1011,6,0,0.00,1,'2020-10-13 08:05:22',31,'2020-10-13 08:05:22',0),(1151,121,171,18,0,0.00,1,'2020-10-13 08:05:35',31,'2020-10-13 08:05:35',0),(1161,121,181,9,0,0.00,1,'2020-10-13 08:05:42',31,'2020-10-13 08:05:42',0),(1171,121,1021,6,0,0.00,1,'2020-10-13 08:06:19',31,'2020-10-13 08:06:19',0);
/*!40000 ALTER TABLE `order_details` ENABLE KEYS */;
UNLOCK TABLES;

--
-- Table structure for table `order_tracking`
--

DROP TABLE IF EXISTS `order_tracking`;
/*!40101 SET @saved_cs_client     = @@character_set_client */;
/*!50503 SET character_set_client = utf8mb4 */;
CREATE TABLE `order_tracking` (
  `id` int(11) NOT NULL AUTO_INCREMENT,
  `order_id` int(11) NOT NULL,
  `date` date NOT NULL,
  `status_id` tinyint(4) NOT NULL,
  `created` datetime DEFAULT NULL,
  `created_by` int(11) DEFAULT '0',
  PRIMARY KEY (`id`),
  KEY `order_id` (`order_id`)
) ENGINE=InnoDB AUTO_INCREMENT=161 DEFAULT CHARSET=utf8;
/*!40101 SET character_set_client = @saved_cs_client */;

--
-- Dumping data for table `order_tracking`
--

LOCK TABLES `order_tracking` WRITE;
/*!40000 ALTER TABLE `order_tracking` DISABLE KEYS */;
INSERT INTO `order_tracking` VALUES (1,1,'2020-10-02',2,'2020-10-02 04:13:44',31),(11,1,'2020-10-02',3,'2020-10-02 16:22:21',31),(21,21,'2020-10-06',2,'2020-10-06 11:02:27',31),(31,21,'2020-10-06',3,'2020-10-06 23:19:11',31),(51,41,'2020-10-06',2,'2020-10-06 11:31:00',31),(61,41,'2020-10-06',3,'2020-10-06 23:34:37',31),(71,71,'2020-10-13',2,'2020-10-13 01:14:49',31),(81,71,'2020-10-13',3,'2020-10-13 16:41:31',31),(91,81,'2020-10-13',2,'2020-10-13 04:52:35',31),(101,81,'2020-10-13',3,'2020-10-13 17:02:34',31),(111,91,'2020-10-13',2,'2020-10-13 05:22:30',31),(121,91,'2020-10-13',3,'2020-10-13 17:57:56',31),(131,101,'2020-10-13',2,'2020-10-13 06:15:12',31),(141,101,'2020-10-13',3,'2020-10-13 18:17:53',31),(151,121,'2020-10-13',2,'2020-10-13 08:06:26',31);
/*!40000 ALTER TABLE `order_tracking` ENABLE KEYS */;
UNLOCK TABLES;

--
-- Table structure for table `price`
--

DROP TABLE IF EXISTS `price`;
/*!40101 SET @saved_cs_client     = @@character_set_client */;
/*!50503 SET character_set_client = utf8mb4 */;
CREATE TABLE `price` (
  `id` int(11) NOT NULL AUTO_INCREMENT,
  `product_id` int(11) NOT NULL,
  `supplier_id` int(11) NOT NULL,
  `amount` decimal(10,2) DEFAULT '0.00',
  `created` datetime DEFAULT NULL,
  `created_by` int(11) DEFAULT '0',
  `updated` datetime DEFAULT NULL,
  `updated_by` int(11) DEFAULT '0',
  PRIMARY KEY (`id`),
  KEY `product_id` (`product_id`,`supplier_id`)
) ENGINE=InnoDB DEFAULT CHARSET=utf8;
/*!40101 SET character_set_client = @saved_cs_client */;

--
-- Dumping data for table `price`
--

LOCK TABLES `price` WRITE;
/*!40000 ALTER TABLE `price` DISABLE KEYS */;
/*!40000 ALTER TABLE `price` ENABLE KEYS */;
UNLOCK TABLES;

--
-- Table structure for table `product`
--

DROP TABLE IF EXISTS `product`;
/*!40101 SET @saved_cs_client     = @@character_set_client */;
/*!50503 SET character_set_client = utf8mb4 */;
CREATE TABLE `product` (
  `id` int(11) NOT NULL AUTO_INCREMENT,
  `code` char(4) NOT NULL,
  `barcode` char(13) NOT NULL,
  `name` varchar(60) NOT NULL,
  `description` varchar(100) DEFAULT '',
  `quantity` smallint(6) DEFAULT '0',
  `minimum` smallint(6) DEFAULT '0',
  `category_id` int(11) NOT NULL,
  `last_purchase_order` char(5) DEFAULT '',
  `last_purchase_date` date DEFAULT NULL,
  `last_purchase_price` decimal(10,2) DEFAULT '0.00',
  `last_sale_date` date DEFAULT NULL,
  `last_sale_price` decimal(10,2) DEFAULT '0.00',
  `price` decimal(10,2) DEFAULT '0.00',
  `company_id` int(11) NOT NULL,
  `status_id` tinyint(4) DEFAULT '1',
  `created` datetime DEFAULT NULL,
  `created_by` int(11) DEFAULT '0',
  `updated` datetime DEFAULT NULL,
  `updated_by` int(11) DEFAULT '0',
  PRIMARY KEY (`id`),
  UNIQUE KEY `company_id_4` (`company_id`,`name`),
  KEY `company_id` (`company_id`,`code`),
  KEY `company_id_2` (`company_id`,`barcode`),
  KEY `company_id_3` (`company_id`)
) ENGINE=InnoDB AUTO_INCREMENT=1031 DEFAULT CHARSET=utf8;
/*!40101 SET character_set_client = @saved_cs_client */;

--
-- Dumping data for table `product`
--

LOCK TABLES `product` WRITE;
/*!40000 ALTER TABLE `product` DISABLE KEYS */;
INSERT INTO `product` VALUES (1,'0001','7790895641237','AQ NARANJA 1.5LT','',12,6,31,'00003','2020-10-06',56.00,NULL,0.00,88.35,11,1,'2020-10-01 06:16:24',31,'2020-10-06 23:34:37',31),(11,'0002','7790895640483','AQ MANZANA 1.5LT','',6,3,31,'00003','2020-10-06',56.00,NULL,0.00,88.35,11,1,'2020-10-01 06:18:31',31,'2020-10-06 23:34:37',31),(21,'0003','7790895003875','BONAQUA 1.5LT S/G','',12,6,31,'00003','2020-10-06',38.30,NULL,0.00,60.30,11,1,'2020-10-01 06:23:16',31,'2020-10-06 23:34:37',31),(31,'0004','7790895641596','CEPITA NARANJA 200ml','',18,3,31,'00004','2020-10-13',18.30,NULL,0.00,28.50,11,1,'2020-10-01 06:25:22',31,'2020-10-13 16:41:31',31),(41,'0005','7790895641794','CEPITA BOT 300ml','',6,3,31,'00003','2020-10-06',24.20,NULL,0.00,38.00,11,1,'2020-10-01 06:26:24',31,'2020-10-06 23:34:37',31),(51,'0006','7790895009815','CEPITA HF NARANJA TENTACION 1LT','',6,3,31,'00003','2020-10-06',46.15,NULL,0.00,72.80,11,1,'2020-10-01 06:42:36',31,'2020-10-06 23:34:37',31),(61,'0007','7790895009846','CEPITA HF DURAZNO TENTACION 1LT','',6,3,31,'00003','2020-10-06',46.15,NULL,0.00,72.80,11,1,'2020-10-01 06:43:19',31,'2020-10-06 23:34:37',31),(71,'0008','7790895640469','AQ POMELO 500ml ','',18,3,31,'00004','2020-10-13',30.50,NULL,0.00,48.20,11,1,'2020-10-01 06:45:10',31,'2020-10-13 16:41:31',31),(81,'0009','7790895003868','BONAQUA S/G 500ml ','',24,3,31,'00004','2020-10-13',23.65,NULL,0.00,37.25,11,1,'2020-10-01 06:47:25',31,'2020-10-13 16:41:31',31),(91,'0010','7790895067532','COCA COLA S/A 500ml','',36,6,31,'00004','2020-10-13',32.10,NULL,0.00,50.50,11,1,'2020-10-01 07:05:53',31,'2020-10-13 16:41:31',31),(101,'0011','7790895064142','SPRITE S/A 500ml','',12,6,31,'00004','2020-10-13',33.25,NULL,0.00,50.50,11,1,'2020-10-01 07:08:47',31,'2020-10-13 16:41:31',31),(111,'0012','7790895000829','SPRITE 500ml','',24,6,31,'00004','2020-10-13',33.25,NULL,0.00,50.50,11,1,'2020-10-01 07:09:42',31,'2020-10-13 16:41:31',31),(121,'0013','7790895640445','AQ PERA 500ml','',6,3,31,'00004','2020-10-13',23.60,NULL,0.00,48.00,11,1,'2020-10-01 07:11:37',31,'2020-10-13 16:41:31',31),(131,'0014','7790895641541','CEPITA BOT DURAZNO 300ml','',6,3,31,'00004','2020-10-13',24.30,NULL,0.00,38.25,11,1,'2020-10-01 07:12:45',31,'2020-10-13 16:41:31',31),(141,'0015','7790895642104','COCA COLA S/A LATA 220ml','',18,6,31,'00004','2020-10-13',19.20,NULL,0.00,30.00,11,1,'2020-10-01 07:13:48',31,'2020-10-13 16:41:31',31),(151,'0016','7790895645730','AQ LIMONADA 0 LATA 310ml','',12,6,31,'00004','2020-10-13',26.60,NULL,0.00,41.50,11,1,'2020-10-01 07:14:46',31,'2020-10-13 16:41:31',31),(161,'0017','7790895640841','COCA COLA S/A 310ml','',6,3,31,'00004','2020-10-13',25.60,NULL,0.00,41.00,11,1,'2020-10-01 07:21:18',31,'2020-10-13 16:41:31',31),(171,'0018','7790895000218','COCA COLA RET 2l','',9,6,31,'00002','2020-10-02',79.00,NULL,0.00,95.00,11,1,'2020-10-01 07:22:34',31,'2020-10-06 23:19:11',31),(181,'0019','7790895000225','SPRITE RET 2l','',9,6,31,'00002','2020-10-02',79.00,NULL,0.00,95.00,11,1,'2020-10-01 07:23:08',31,'2020-10-06 23:19:11',31),(191,'0020','7790895000430','COCA COLA 1,5l','',6,3,31,'00002','2020-10-02',82.50,NULL,0.00,92.00,11,1,'2020-10-01 07:24:46',31,'2020-10-06 23:19:11',31),(201,'0021','7790895000447','SPRITE 1,5ml','',6,3,31,'00002','2020-10-02',75.00,NULL,0.00,88.00,11,1,'2020-10-01 07:26:54',31,'2020-10-06 23:19:11',31),(211,'0022','7790895002304','FANTA S/A 1,5l','',6,3,31,'00002','2020-10-02',75.00,NULL,0.00,88.00,11,1,'2020-10-01 07:30:22',31,'2020-10-06 23:19:11',31),(221,'0023','7790895010088','SCHWP POMELO S/A 1,5l','',6,3,31,'00002','2020-10-02',75.00,NULL,0.00,88.00,11,1,'2020-10-01 07:31:45',31,'2020-10-06 23:19:11',31),(231,'0024','7790895000997','COCA COLA 2,25','',6,3,31,'00002','2020-10-02',109.00,NULL,0.00,140.00,11,1,'2020-10-01 07:38:55',31,'2020-10-06 23:19:11',31),(241,'0025','7790895001000','SPRITE 2,25l','',6,3,31,'00002','2020-10-02',106.00,NULL,0.00,138.00,11,1,'2020-10-01 07:50:58',31,'2020-10-06 23:19:11',31),(251,'0026','7790895007347','SODA KIN 2,25','',6,3,31,'00002','2020-10-02',48.00,NULL,0.00,62.00,11,1,'2020-10-01 07:51:44',31,'2020-10-06 23:19:11',31),(261,'0027','7790895006418','COCA COLA 3l','',6,3,31,'00002','2020-10-02',116.00,NULL,0.00,150.00,11,1,'2020-10-01 07:53:30',31,'2020-10-06 23:19:11',31),(281,'0028','7790895000782','COCA COLA 500ml','',24,6,31,'00002','2020-10-02',46.00,NULL,0.00,55.00,11,1,'2020-10-01 07:54:40',31,'2020-10-06 23:19:11',31),(291,'0029','7790895643835','ADES MANZANA 1LT','',8,4,31,'00002','2020-10-02',54.30,NULL,0.00,68.00,11,1,'2020-10-01 07:55:40',31,'2020-10-06 23:19:11',31),(301,'0030','7790895064333','CEPITA NARANJA 1l','',6,3,31,'00002','2020-10-02',48.00,NULL,0.00,60.00,11,1,'2020-10-01 07:56:44',31,'2020-10-06 23:19:11',31),(311,'0031','7790895065217','CEPITA MULTIFRUTA 1l','',6,3,31,'00002','2020-10-02',48.00,NULL,0.00,60.00,11,1,'2020-10-01 07:57:14',31,'2020-10-06 23:19:11',31),(321,'0032','1007084701235','MONSTER ENERGY GREEN  473ml','',6,3,31,'00002','2020-10-02',76.80,NULL,0.00,95.00,11,1,'2020-10-01 07:58:25',31,'2020-10-06 23:19:11',31),(331,'0033','','COMBO ANDES COPA+4LATAS','',2,0,41,'00006','2020-10-13',530.00,NULL,0.00,650.00,11,1,'2020-10-01 08:08:17',31,'2020-10-13 17:57:56',31),(341,'0034','7792799001032','NESTLE 6,30l','',12,4,31,'00006','2020-10-13',120.25,NULL,0.00,180.00,11,1,'2020-10-01 08:09:56',31,'2020-10-13 17:57:56',31),(351,'0035','7790717153092','NOVEC.RAICES CABERNET SAVIGNON 750ml','',6,3,1,'00006','2020-10-13',171.40,NULL,0.00,220.00,11,1,'2020-10-01 08:11:13',31,'2020-10-13 17:57:56',31),(361,'0036','7790717153078','NOVEC.RAICES MALBEC 750ml','',6,3,1,'00006','2020-10-13',171.40,NULL,0.00,220.00,11,1,'2020-10-01 08:12:10',31,'2020-10-13 17:57:56',31),(371,'0037','7790717152019','NOVEC. CABERNET SAVIGNON 750ml','',6,3,1,'00006','2020-10-13',128.65,NULL,0.00,165.00,11,1,'2020-10-01 08:13:32',31,'2020-10-13 17:57:56',31),(381,'0038','7790717152354','NOVEC.CHARDONAY 750ml','',6,3,1,'00006','2020-10-13',128.65,NULL,0.00,165.00,11,1,'2020-10-01 08:17:56',31,'2020-10-13 17:57:56',31),(391,'0039','7790717152026','NOVEC.EXTRA BRUT 750ml','',6,3,1,'00006','2020-10-13',144.20,NULL,0.00,185.00,11,1,'2020-10-01 08:19:01',31,'2020-10-13 17:57:56',31),(401,'0040','7790717001195','NOVEC.EXTRA DULCE 750ml','',12,3,1,'00006','2020-10-13',75.92,NULL,0.00,195.00,11,1,'2020-10-01 08:19:54',31,'2020-10-13 17:57:56',31),(411,'0041','7792798005888','BRAHMA LATA 473ml','',120,12,11,'00006','2020-10-13',39.15,NULL,0.00,50.00,11,1,'2020-10-01 08:27:31',31,'2020-10-13 17:57:56',31),(421,'0042','7792798012923','QUILMES LATA 473ml','',120,12,11,'00006','2020-10-13',36.50,NULL,0.00,45.00,11,1,'2020-10-01 08:28:15',31,'2020-10-13 17:57:56',31),(431,'0043','7790717000778','CAPRICCIO FIORE ESPUMANTE D.NATURAL 750ml','',6,3,1,'00006','2020-10-13',179.25,NULL,0.00,230.00,11,1,'2020-10-01 08:29:44',31,'2020-10-13 17:57:56',31),(441,'0044','7792798002726','ANDES IPA LATA 0,473LT','',48,12,11,'00005','2020-10-13',58.00,NULL,0.00,60.00,11,1,'2020-10-02 02:04:12',31,'2020-10-13 17:02:34',31),(451,'0045','7792798992317','ANDES ROJA LATA 0,473LT','',24,12,11,'00005','2020-10-13',58.00,NULL,0.00,70.00,11,1,'2020-10-02 02:04:47',31,'2020-10-13 17:02:34',31),(461,'0046','7792798002320','ANDES NEGRA LATA 0,473LT','',24,12,11,'00005','2020-10-13',58.00,NULL,0.00,70.00,11,1,'2020-10-02 02:06:23',31,'2020-10-13 17:02:34',31),(471,'0047','7792798999866','ANDES RUBIA LATA 0,473LT','',24,12,11,'00005','2020-10-13',51.00,NULL,0.00,64.00,11,1,'2020-10-02 02:06:58',31,'2020-10-13 17:02:34',31),(481,'0048','7793147001056','BUDWEISER 1LT','',13,6,11,'00005','2020-10-13',78.80,NULL,0.00,100.00,11,1,'2020-10-02 02:09:15',31,'2020-10-13 17:02:34',31),(491,'0049','7792798007387','QUILMES 1LT','',49,12,11,'00007','2020-10-13',67.29,NULL,0.00,90.00,11,1,'2020-10-02 02:11:23',31,'2020-10-13 18:17:53',31),(501,'0050','7792798007493','BRAHMA 1LT','',36,12,11,'00005','2020-10-13',76.40,NULL,0.00,95.00,11,1,'2020-10-02 02:12:00',31,'2020-10-13 17:02:34',31),(511,'0051','7792798002757','ANDES IPA 1LT','',12,6,11,'00005','2020-10-13',95.15,NULL,0.00,118.00,11,1,'2020-10-02 02:13:14',31,'2020-10-13 17:02:34',31),(521,'0052','7792798002122','ANDES ROJA 1LT','',6,6,11,'00005','2020-10-13',95.15,NULL,0.00,118.00,11,1,'2020-10-02 02:17:43',31,'2020-10-13 17:02:34',31),(531,'0053','7792798007394','QUILMES BOCK 1LT','',6,3,11,'00005','2020-10-13',72.90,NULL,0.00,90.00,11,1,'2020-10-02 02:18:31',31,'2020-10-13 17:02:34',31),(541,'0054','7792798007844','STELLA ARTOIS NOIRE 1LT','',12,6,11,'00005','2020-10-13',108.25,NULL,0.00,135.00,11,1,'2020-10-02 02:19:46',31,'2020-10-13 17:02:34',31),(551,'0055','7792798002139','ANDES NEGRA 1LT ','',6,3,11,'00005','2020-10-13',95.15,NULL,0.00,118.00,11,1,'2020-10-02 02:34:16',31,'2020-10-13 17:02:34',31),(561,'0056','7792798006199','STELLA ARTOIS 1LT','',13,6,11,'00005','2020-10-13',100.00,NULL,0.00,125.00,11,1,'2020-10-02 02:35:08',31,'2020-10-13 17:02:34',31),(571,'0057','7792798007400','QUILMES STOUT 1LT','',6,3,11,'00005','2020-10-13',72.90,NULL,0.00,90.00,11,1,'2020-10-02 02:35:56',31,'2020-10-13 17:02:34',31),(581,'0058','7792798002115','ANDES RUBIA 1LT ','',12,6,11,'00005','2020-10-13',85.40,NULL,0.00,105.00,11,1,'2020-10-02 02:39:59',31,'2020-10-13 17:02:34',31),(591,'0059','7791813421368','PASO DE LOS TOROS TONICA 1.5LT','',6,3,31,'00001','2020-10-02',74.80,NULL,0.00,92.00,11,1,'2020-10-02 02:45:28',31,'2020-10-02 16:22:21',31),(601,'0060','7791813421382','PASO DE LOS TOROS POMELO 1.5LT','',6,3,31,'00001','2020-10-02',74.80,NULL,0.00,92.00,11,1,'2020-10-02 02:45:59',31,'2020-10-02 16:22:21',31),(611,'0061','7791813555049','PEPSI 1.5LT ','',6,3,31,'00001','2020-10-02',74.80,NULL,0.00,92.00,11,1,'2020-10-02 02:47:48',31,'2020-10-02 16:22:21',31),(621,'0062','7791813777045','7UP 1.5LT','',6,0,31,'00001','2020-10-02',77.00,NULL,0.00,94.00,11,1,'2020-10-02 02:56:07',31,'2020-10-02 16:22:21',31),(631,'0063','7791813777052','7UP 2.25LT','',8,3,31,'00001','2020-10-02',86.85,NULL,0.00,110.00,11,1,'2020-10-02 02:56:53',31,'2020-10-02 16:22:21',31),(641,'0064','7791813423386','PASO DE LOS TOROS POMELO 2,25LT','',8,3,31,'00001','2020-10-02',84.85,NULL,0.00,108.00,11,1,'2020-10-02 02:57:53',31,'2020-10-02 16:22:21',31),(651,'0065','7791813555056','PEPSI 2,25LT','',8,4,31,'00001','2020-10-02',84.85,NULL,0.00,105.00,11,1,'2020-10-02 03:46:44',31,'2020-10-02 16:22:21',31),(671,'0066','7792798001972','PATAGONIA 24.7 LATA 0.473LT','',24,6,11,'00001','2020-10-02',80.65,NULL,0.00,100.00,11,1,'2020-10-02 03:54:23',31,'2020-10-02 16:22:21',31),(681,'0067','7792798004720','PATAGONIA HOPPY LAGER LATA 0,269LT','',40,5,11,'00001','2020-10-02',48.25,NULL,0.00,60.00,11,1,'2020-10-02 03:58:33',31,'2020-10-02 16:22:21',31),(691,'0068','7792798008377','CORONA LATA 0,269LT','',80,5,11,'00001','2020-10-02',48.50,NULL,0.00,58.00,11,1,'2020-10-02 03:59:24',31,'2020-10-02 16:22:21',31),(701,'0069','7792798001262','QUILMES 1890 LATA 0,473LT','',144,12,11,'00006','2020-10-13',32.45,NULL,0.00,50.50,11,1,'2020-10-02 04:01:45',31,'2020-10-13 17:57:56',31),(711,'0070','7792798001774','STELLA ARTOIS LATA 0,269LT','',96,12,11,'00001','2020-10-02',38.00,NULL,0.00,45.00,11,1,'2020-10-02 04:05:50',31,'2020-10-02 16:22:21',31),(721,'0071','7790895011467','FANTA 3LT S/A','',6,3,31,'00002','2020-10-02',113.50,NULL,0.00,140.00,11,1,'2020-10-02 04:29:54',31,'2020-10-06 23:19:11',31),(731,'0072','7790717152002','NOVECENTO MALBEC 750ml','',12,3,1,'00006','2020-10-13',64.30,NULL,0.00,128.70,11,1,'2020-10-13 05:18:37',31,'2020-10-13 17:57:56',31),(741,'0073','7792798003624','BUDWEISER 710ml','',30,6,11,'00007','2020-10-13',49.35,NULL,0.00,49.35,11,1,'2020-10-13 06:07:38',31,'2020-10-13 18:17:53',31),(751,'0074','7792798003709','CORONA 0,355ml','',48,6,11,'00007','2020-10-13',60.50,NULL,0.00,60.00,11,1,'2020-10-13 06:09:56',31,'2020-10-13 18:17:53',31),(761,'0075','7792798003716','CORONA 710ml','',48,6,11,'00007','2020-10-13',52.80,NULL,0.00,52.80,11,1,'2020-10-13 06:11:00',31,'2020-10-13 18:17:53',31),(771,'0076','7793147571283','HEINEKEN LATA 710ml ','',0,6,11,'',NULL,0.00,NULL,0.00,110.00,11,1,'2020-10-13 06:35:15',31,'2020-10-13 06:35:15',0),(781,'0077','7793147571382','MILLER LATA 710ml','',0,6,11,'',NULL,0.00,NULL,0.00,100.00,11,1,'2020-10-13 06:36:48',31,'2020-10-13 06:36:48',0),(791,'0078','7793147009199','HEINEKEN LATA 473ml','',0,6,11,'',NULL,0.00,NULL,0.00,74.00,11,1,'2020-10-13 06:38:31',31,'2020-10-13 06:38:31',0),(801,'0079','7793147118860','SCHENEIDER 473ml','',0,6,11,'',NULL,0.00,NULL,0.00,52.20,11,1,'2020-10-13 06:41:14',31,'2020-10-13 06:41:14',0),(811,'0080','7793147001827','MILLER LATA 473ml ','',0,6,11,'',NULL,0.00,NULL,0.00,70.00,11,1,'2020-10-13 06:42:33',31,'2020-10-13 06:42:33',0),(821,'0081','7793147570774','IMPERIAL AMBER LAGER LATA 473ml','',0,6,11,'',NULL,0.00,NULL,0.00,70.00,11,1,'2020-10-13 06:43:43',31,'2020-10-13 06:43:43',0),(831,'0082','7793147570743','IMPERIAL IPA LATA 473ml ','',0,6,11,'',NULL,0.00,NULL,0.00,78.90,11,1,'2020-10-13 06:44:45',31,'2020-10-13 06:44:45',0),(841,'0083','7793147021313','PALERMO 1LT','',0,6,11,'',NULL,0.00,NULL,0.00,80.00,11,1,'2020-10-13 06:51:55',31,'2020-10-13 06:51:55',0),(851,'0084','7793147000899','HEINEKEN 1LT','',0,6,11,'',NULL,0.00,NULL,0.00,132.00,11,1,'2020-10-13 06:52:43',31,'2020-10-13 06:52:43',0),(861,'0085','7793147001025','SCHNEIDER 1LT','',0,6,11,'',NULL,0.00,NULL,0.00,92.00,11,1,'2020-10-13 06:53:51',31,'2020-10-13 18:54:09',31),(871,'0086','7793147570088','MILLER 1LT','',0,6,11,'',NULL,0.00,NULL,0.00,122.00,11,1,'2020-10-13 06:56:30',31,'2020-10-13 06:56:30',0),(881,'0087','7793147570842','GROLSCH 1LT','',0,6,11,'',NULL,0.00,NULL,0.00,132.00,11,1,'2020-10-13 06:57:55',31,'2020-10-13 06:57:55',0),(891,'0088','7793147570989','WARSTEINER 1LT','',0,6,11,'',NULL,0.00,NULL,0.00,127.00,11,1,'2020-10-13 06:59:00',31,'2020-10-13 18:59:10',31),(901,'0089','7793147000981','IMPERIAL LAGER 1LT','',0,6,11,'',NULL,0.00,NULL,0.00,110.00,11,1,'2020-10-13 07:04:33',31,'2020-10-13 07:04:33',0),(911,'0090','7793147570330','IMPERIAL IPA 1LT','',0,6,11,'',NULL,0.00,NULL,0.00,127.00,11,1,'2020-10-13 07:06:04',31,'2020-10-13 07:06:04',0),(921,'0091','7790168002505','VINO COLON SYRAH 750ml','',0,0,1,'',NULL,0.00,NULL,0.00,110.00,11,1,'2020-10-13 07:09:42',31,'2020-10-13 07:09:42',0),(931,'0092','7790168114000','VINO COLON MALBEC 750ml','',0,3,1,'',NULL,0.00,NULL,0.00,110.00,11,1,'2020-10-13 07:10:13',31,'2020-10-13 19:21:00',31),(941,'0093','7790168000488','VINO CABERNET SAUVIGNON 750ml','',0,6,1,'',NULL,0.00,NULL,0.00,110.00,11,1,'2020-10-13 07:11:02',31,'2020-10-13 07:11:02',0),(951,'0094','7790168004189','VINO COLON MERLOT 750ml','',0,6,1,'',NULL,0.00,NULL,0.00,110.00,11,1,'2020-10-13 07:15:34',31,'2020-10-13 07:15:34',0),(961,'0095','7790168000501','VINO COLON TORRONES 750ml','',0,3,1,'',NULL,0.00,NULL,0.00,110.00,11,1,'2020-10-13 07:16:28',31,'2020-10-13 19:21:18',31),(971,'0096','7790168075660','VINO GRAFF CAVERNET SAUVIGNON 750ml','',0,2,1,'',NULL,0.00,NULL,0.00,215.00,11,1,'2020-10-13 07:20:10',31,'2020-10-13 07:20:10',0),(981,'0097','7790168102762','VINO COLON TINTO CLASICO 750ml','',0,3,1,'',NULL,0.00,NULL,0.00,92.50,11,1,'2020-10-13 07:20:39',31,'2020-10-13 07:20:39',0),(991,'0098','7798141877638','VINO EUGENIO BUSTOS BLANCO DULCE 750ml','',0,3,1,'',NULL,0.00,NULL,0.00,132.00,11,1,'2020-10-13 07:53:10',31,'2020-10-13 07:53:10',0),(1001,'0099','7798141877379','VINO EUGENIO BUSTOS CABERNET SAUVIGNON','',0,3,1,'',NULL,0.00,NULL,0.00,132.00,11,1,'2020-10-13 07:53:42',31,'2020-10-13 07:53:42',0),(1011,'0100','7798141877362','VINO EUGENIO BUSTOS MALBEC 750ml','',0,3,1,'',NULL,0.00,NULL,0.00,132.00,11,1,'2020-10-13 07:54:10',31,'2020-10-13 07:54:10',0),(1021,'0101','7798141877058','VINO LA CELIA RESERVA MALBEC 750ml ','',0,3,1,'',NULL,0.00,NULL,0.00,124.00,11,1,'2020-10-13 07:55:48',31,'2020-10-13 07:55:48',0);
/*!40000 ALTER TABLE `product` ENABLE KEYS */;
UNLOCK TABLES;

--
-- Table structure for table `profile`
--

DROP TABLE IF EXISTS `profile`;
/*!40101 SET @saved_cs_client     = @@character_set_client */;
/*!50503 SET character_set_client = utf8mb4 */;
CREATE TABLE `profile` (
  `id` int(11) NOT NULL AUTO_INCREMENT,
  `code` char(3) NOT NULL,
  `name` varchar(30) NOT NULL,
  `status_id` tinyint(4) DEFAULT '1',
  `created` datetime DEFAULT NULL,
  `created_by` int(11) DEFAULT '0',
  `updated` datetime DEFAULT NULL,
  `updated_by` int(11) DEFAULT '0',
  PRIMARY KEY (`id`)
) ENGINE=InnoDB AUTO_INCREMENT=22 DEFAULT CHARSET=utf8;
/*!40101 SET character_set_client = @saved_cs_client */;

--
-- Dumping data for table `profile`
--

LOCK TABLES `profile` WRITE;
/*!40000 ALTER TABLE `profile` DISABLE KEYS */;
INSERT INTO `profile` VALUES (1,'ADM','Administradores',1,'2020-06-23 23:17:52',1,'2020-06-23 23:17:52',0),(11,'SUP','Supervisores',1,'2020-06-23 23:18:21',1,'2020-06-23 23:18:21',0),(21,'USR','Usuarios',1,'2020-06-23 23:18:38',1,'2020-06-23 23:18:38',0);
/*!40000 ALTER TABLE `profile` ENABLE KEYS */;
UNLOCK TABLES;

--
-- Table structure for table `sale`
--

DROP TABLE IF EXISTS `sale`;
/*!40101 SET @saved_cs_client     = @@character_set_client */;
/*!50503 SET character_set_client = utf8mb4 */;
CREATE TABLE `sale` (
  `id` int(11) NOT NULL AUTO_INCREMENT,
  `number` char(5) NOT NULL,
  `date` date NOT NULL,
  `amount` decimal(10,2) DEFAULT '0.00',
  `store_id` int(11) NOT NULL,
  `company_id` int(11) NOT NULL,
  `status_id` tinyint(4) DEFAULT '1',
  `created` datetime DEFAULT NULL,
  `created_by` int(11) DEFAULT '0',
  `updated` datetime DEFAULT NULL,
  `updated_by` int(11) DEFAULT '0',
  PRIMARY KEY (`id`),
  KEY `company_id` (`company_id`,`number`)
) ENGINE=InnoDB DEFAULT CHARSET=utf8;
/*!40101 SET character_set_client = @saved_cs_client */;

--
-- Dumping data for table `sale`
--

LOCK TABLES `sale` WRITE;
/*!40000 ALTER TABLE `sale` DISABLE KEYS */;
/*!40000 ALTER TABLE `sale` ENABLE KEYS */;
UNLOCK TABLES;

--
-- Table structure for table `sale_details`
--

DROP TABLE IF EXISTS `sale_details`;
/*!40101 SET @saved_cs_client     = @@character_set_client */;
/*!50503 SET character_set_client = utf8mb4 */;
CREATE TABLE `sale_details` (
  `id` int(11) NOT NULL AUTO_INCREMENT,
  `sale_id` int(11) NOT NULL,
  `product_id` int(11) NOT NULL,
  `quantity` smallint(6) DEFAULT '0',
  `price` decimal(10,2) DEFAULT '0.00',
  `status_id` tinyint(4) DEFAULT '1',
  `created` datetime DEFAULT NULL,
  `created_by` int(11) DEFAULT '0',
  `updated` datetime DEFAULT NULL,
  `updated_by` int(11) DEFAULT '0',
  PRIMARY KEY (`id`),
  KEY `sale_id` (`sale_id`)
) ENGINE=InnoDB DEFAULT CHARSET=utf8;
/*!40101 SET character_set_client = @saved_cs_client */;

--
-- Dumping data for table `sale_details`
--

LOCK TABLES `sale_details` WRITE;
/*!40000 ALTER TABLE `sale_details` DISABLE KEYS */;
/*!40000 ALTER TABLE `sale_details` ENABLE KEYS */;
UNLOCK TABLES;

--
-- Table structure for table `store`
--

DROP TABLE IF EXISTS `store`;
/*!40101 SET @saved_cs_client     = @@character_set_client */;
/*!50503 SET character_set_client = utf8mb4 */;
CREATE TABLE `store` (
  `id` int(11) NOT NULL AUTO_INCREMENT,
  `name` varchar(30) NOT NULL,
  `contact` varchar(30) NOT NULL,
  `address` varchar(30) NOT NULL,
  `phone` varchar(15) NOT NULL,
  `email` varchar(60) NOT NULL,
  `company_id` int(11) NOT NULL,
  `status_id` tinyint(4) DEFAULT '1',
  `created` datetime DEFAULT NULL,
  `created_by` int(11) DEFAULT '0',
  `updated` datetime DEFAULT NULL,
  `updated_by` int(11) DEFAULT '0',
  PRIMARY KEY (`id`),
  KEY `company_id` (`company_id`)
) ENGINE=InnoDB AUTO_INCREMENT=2 DEFAULT CHARSET=utf8;
/*!40101 SET character_set_client = @saved_cs_client */;

--
-- Dumping data for table `store`
--

LOCK TABLES `store` WRITE;
/*!40000 ALTER TABLE `store` DISABLE KEYS */;
INSERT INTO `store` VALUES (1,'Local','Local','Juan Molina 1195','291 4472900','',11,1,'2020-09-01 10:26:10',1,'2020-09-01 10:26:10',0);
/*!40000 ALTER TABLE `store` ENABLE KEYS */;
UNLOCK TABLES;

--
-- Table structure for table `supplier`
--

DROP TABLE IF EXISTS `supplier`;
/*!40101 SET @saved_cs_client     = @@character_set_client */;
/*!50503 SET character_set_client = utf8mb4 */;
CREATE TABLE `supplier` (
  `id` int(11) NOT NULL AUTO_INCREMENT,
  `name` varchar(30) NOT NULL,
  `contact` varchar(60) NOT NULL,
  `address` varchar(60) NOT NULL,
  `phone` varchar(15) NOT NULL,
  `email` varchar(60) NOT NULL,
  `company_id` int(11) NOT NULL,
  `status_id` tinyint(4) DEFAULT '1',
  `created` datetime DEFAULT NULL,
  `created_by` int(11) DEFAULT '0',
  `updated` datetime DEFAULT NULL,
  `updated_by` int(11) DEFAULT '0',
  PRIMARY KEY (`id`),
  KEY `company_id` (`company_id`)
) ENGINE=InnoDB AUTO_INCREMENT=12 DEFAULT CHARSET=utf8;
/*!40101 SET character_set_client = @saved_cs_client */;

--
-- Dumping data for table `supplier`
--

LOCK TABLES `supplier` WRITE;
/*!40000 ALTER TABLE `supplier` DISABLE KEYS */;
INSERT INTO `supplier` VALUES (1,'Puertas del Sur','Marcelo','Ruta 3 km 696, B8000 Bahía Blanca','291 6455125','vivianaquillito@hotmail.com',11,1,'2020-09-01 10:19:51',1,'2020-09-11 13:17:06',31),(11,'Coca Cola','Carlos Lagos','Ruta 229 Km S/n, Grunbein','291 4137296','mancinellibalanzas@yahoo.com.ar',11,1,'2020-09-01 10:20:25',1,'2020-09-07 18:14:46',31);
/*!40000 ALTER TABLE `supplier` ENABLE KEYS */;
UNLOCK TABLES;

--
-- Table structure for table `user`
--

DROP TABLE IF EXISTS `user`;
/*!40101 SET @saved_cs_client     = @@character_set_client */;
/*!50503 SET character_set_client = utf8mb4 */;
CREATE TABLE `user` (
  `id` int(11) NOT NULL AUTO_INCREMENT,
  `name` char(10) NOT NULL,
  `email` varchar(60) NOT NULL,
  `password` varchar(60) NOT NULL,
  `profile_id` int(11) NOT NULL,
  `company_id` int(11) NOT NULL,
  `status_id` tinyint(4) DEFAULT '1',
  `created` datetime DEFAULT NULL,
  `created_by` int(11) DEFAULT '0',
  `updated` datetime DEFAULT NULL,
  `updated_by` int(11) DEFAULT '0',
  PRIMARY KEY (`id`),
  KEY `name` (`name`),
  KEY `company_id` (`company_id`)
) ENGINE=InnoDB AUTO_INCREMENT=32 DEFAULT CHARSET=utf8;
/*!40101 SET character_set_client = @saved_cs_client */;

--
-- Dumping data for table `user`
--

LOCK TABLES `user` WRITE;
/*!40000 ALTER TABLE `user` DISABLE KEYS */;
INSERT INTO `user` VALUES (1,'Omar','omar.melendrez@gmail.com','$2b$10$QEhOifRUy2BMp2F6vOrUy.uWRPI3sweMFsqYMLnMNsmS06owZnioW',1,11,1,'2020-06-23 23:23:08',1,'2020-06-23 23:23:08',0),(11,'Cielo','mcielomelendrez@gmail.com','$2b$10$E6VhKakwAsOQNaHrcZa/ueWphCrK5q.ZpComrfZEcmo8Bj28BagyW',1,1,1,'2020-06-23 23:23:16',1,'2020-06-23 23:23:16',0),(21,'Ema73','emarengo73@gmail.com','$2b$10$pWvdlS0RQ87HsxyMULW3A.0Eb7jZ7jdT40p9ie0sRuXIstEWmPde2',1,11,1,'2020-06-23 23:23:34',1,'2020-06-23 23:23:34',0),(31,'Matias','matiasmancinelli1998@hotmail.com','$2b$10$G17HClYi/pZcX.5H7ihm9ugA6TxIhgNjw.nsqZ./QC9aTa5RKv4C6',1,11,1,'2020-06-23 23:23:53',1,'2020-06-23 23:23:53',0);
/*!40000 ALTER TABLE `user` ENABLE KEYS */;
UNLOCK TABLES;

--
-- Dumping routines for database 'heroku_68e91ae782abadb'
--
/*!40103 SET TIME_ZONE=@OLD_TIME_ZONE */;

/*!40101 SET SQL_MODE=@OLD_SQL_MODE */;
/*!40014 SET FOREIGN_KEY_CHECKS=@OLD_FOREIGN_KEY_CHECKS */;
/*!40014 SET UNIQUE_CHECKS=@OLD_UNIQUE_CHECKS */;
/*!40101 SET CHARACTER_SET_CLIENT=@OLD_CHARACTER_SET_CLIENT */;
/*!40101 SET CHARACTER_SET_RESULTS=@OLD_CHARACTER_SET_RESULTS */;
/*!40101 SET COLLATION_CONNECTION=@OLD_COLLATION_CONNECTION */;
/*!40111 SET SQL_NOTES=@OLD_SQL_NOTES */;

-- Dump completed on 2020-10-13 17:15:28
